,channels,latitude,longitude,elevation
0,45.0,64.4056590088,-17.2699380107,1694.75764209
1,46.0,64.4056709848,-17.2700353638,1694.14573797
2,47.0,64.405633339,-17.2703195205,1693.59047594
3,48.0,64.4055787367,-17.2705905968,1693.06899826
4,49.0,64.4055267496,-17.2708395711,1692.56500802
5,50.0,64.4054865442,-17.271136154,1692.06789273
6,51.0,64.4054595713,-17.2715188079,1691.57184782
7,52.0,64.4054422555,-17.2719316534,1691.0750003
8,53.0,64.4054286835,-17.2722677227,1690.57853221
9,54.0,64.405413294,-17.2724495928,1690.08580429
10,55.0,64.405393407,-17.2725018373,1689.60147946
11,56.0,64.4053701662,-17.2725297257,1689.13064642
12,57.0,64.4053473992,-17.2725778367,1688.67794322
13,58.0,64.4053300758,-17.2725670438,1688.2466808
14,59.0,64.4053227609,-17.2724986519,1687.83796656
15,60.0,64.4053280676,-17.2725075867,1687.44982794
16,61.0,64.4053451114,-17.2726856245,1687.07633594
17,62.0,64.4053679952,-17.2728928603,1686.70676835
18,63.0,64.4053853194,-17.2729402893,1686.3260131
19,64.0,64.4053826021,-17.2732291982,1685.91849941
20,65.0,64.405345982,-17.2735449353,1685.47368406
21,66.0,64.4052659813,-17.2736070212,1684.99128411
22,67.0,64.4051412678,-17.2741315682,1684.48214954
23,68.0,64.4049824101,-17.2748036951,1683.96204111
24,69.0,64.4048141162,-17.2752667693,1683.44427982
25,70.0,64.4046670474,-17.275726648,1682.93669371
26,71.0,64.4045604255,-17.276233376,1682.4427799
27,72.0,64.4044944719,-17.2765238205,1681.96344162
28,73.0,64.4044593253,-17.2766106838,1681.49870609
29,74.0,64.4044445578,-17.2766211897,1681.0489731
30,75.0,64.4044416454,-17.2766135008,1680.61519553
31,76.0,64.4044439365,-17.2765991599,1680.1986833
32,77.0,64.4044465402,-17.276573755,1679.80089511
33,78.0,64.404446214,-17.2765437739,1679.4232303
34,79.0,64.4044412526,-17.2765317569,1679.06682057
35,80.0,64.4044313751,-17.2765633806,1678.73232185
36,81.0,64.404417614,-17.2766525199,1678.41970604
37,82.0,64.4044021918,-17.2767858315,1678.12806087
38,83.0,64.4043882123,-17.276899896,1677.85552849
39,84.0,64.4043789907,-17.2769055812,1677.59951216
40,85.0,64.404377277,-17.2768640976,1677.35696307
41,86.0,64.4043844756,-17.2768565994,1677.12466899
42,87.0,64.4043998666,-17.2767556873,1676.89954293
43,88.0,64.4044198254,-17.2765851316,1676.67891185
44,89.0,64.4044370432,-17.2765626796,1676.46080531
45,90.0,64.4044397478,-17.2766487047,1676.24424416
46,91.0,64.4044113035,-17.2768055335,1676.02951277
47,92.0,64.4043350033,-17.2771359701,1675.81820729
48,93.0,64.4042074162,-17.277673543,1675.61291452
49,94.0,64.4040538595,-17.2785635997,1675.4167981
50,95.0,64.4039364857,-17.2786352912,1675.23318306
51,96.0,64.4039069036,-17.278689693,1675.06514042
52,97.0,64.4039414,-17.2786573493,1674.91507179
53,98.0,64.4039859467,-17.2786041696,1674.78432408
54,99.0,64.4040101815,-17.2785675959,1674.67307288
55,100.0,64.4040080981,-17.2785402628,1674.58052847
56,101.0,64.403988922,-17.2785225358,1674.50519864
57,102.0,64.4039679103,-17.2785378421,1674.44515176
58,103.0,64.4039571517,-17.2785967221,1674.39828
59,104.0,64.4039570395,-17.278655629,1674.36255477
60,105.0,64.403956087,-17.2786390511,1674.33618644
61,106.0,64.4039435508,-17.2785590488,1674.31763717
62,107.0,64.4039241305,-17.2786016302,1674.30559961
63,108.0,64.4039194399,-17.2786104242,1674.29897504
64,109.0,64.4039464092,-17.2784944758,1674.29685153
65,110.0,64.4039906934,-17.2785827848,1674.29848217
66,111.0,64.4040001262,-17.2785921459,1674.30326319
67,112.0,64.4039178946,-17.2786882753,1674.31071214
68,113.0,64.4037268182,-17.2792666635,1674.32044609
69,114.0,64.4034734244,-17.2798363684,1674.33215976
70,115.0,64.403243009,-17.2802680358,1674.34560374
71,116.0,64.4030987778,-17.2803816196,1674.36056279
72,117.0,64.403032437,-17.2803836587,1674.37683891
73,118.0,64.4029933318,-17.2805841315,1674.39424611
74,119.0,64.4029458871,-17.2807788427,1674.41260995
75,120.0,64.4028929613,-17.2808660106,1674.43176718
76,121.0,64.4028543135,-17.2808716398,1674.45156545
77,122.0,64.4028411072,-17.2808447096,1674.47186295
78,123.0,64.402849487,-17.2808167431,1674.4925281
79,124.0,64.4028665431,-17.2808038929,1674.5134392
80,125.0,64.402877248,-17.2808124165,1674.53448413
81,126.0,64.4028702955,-17.280843523,1674.55556003
82,127.0,64.4028397276,-17.2808958019,1674.57657291
83,128.0,64.4027840895,-17.2809662318,1674.59743739
84,129.0,64.4027054131,-17.2810510914,1674.61807636
85,130.0,64.4026081986,-17.2811468689,1674.63842061
86,131.0,64.4024983985,-17.2812511732,1674.65840856
87,132.0,64.4023823993,-17.2813636432,1674.67798588
88,133.0,64.4022660111,-17.2814868288,1674.69710521
89,134.0,64.4021536869,-17.2816259635,1674.7157258
90,135.0,64.4020484597,-17.2817852928,1674.73381319
91,136.0,64.4019522258,-17.2819627426,1674.75133888
92,137.0,64.4018660436,-17.282144661,1674.76828001
93,138.0,64.4017903782,-17.2823054713,1674.78461904
94,139.0,64.4017251935,-17.2824211264,1674.80034339
95,140.0,64.4016699772,-17.2824869771,1674.81544516
96,141.0,64.4016237634,-17.2825186299,1674.82992075
97,142.0,64.4015851711,-17.2825345781,1674.84377058
98,143.0,64.4015524827,-17.2825497905,1674.85699871
99,144.0,64.4015237387,-17.2825755882,1674.86961259
100,145.0,64.4014968321,-17.2826197654,1674.88162264
101,146.0,64.4014696038,-17.2826867105,1674.89304199
102,147.0,64.4014399375,-17.2827775268,1674.90388613
103,148.0,64.4014058543,-17.2828901546,1674.91417258
104,149.0,64.4013656081,-17.2830196225,1674.92392055
105,150.0,64.4013177805,-17.2831589345,1674.93315067
106,151.0,64.4012613753,-17.2833004252,1674.94188456
107,152.0,64.401195914,-17.2834371604,1674.95014461
108,153.0,64.4011215306,-17.2835643372,1674.95795358
109,154.0,64.4010390664,-17.2836806845,1674.96533431
110,155.0,64.400950165,-17.2837898626,1674.97230937
111,156.0,64.4008573488,-17.2839015652,1674.97890075
112,157.0,64.4007639002,-17.2840294877,1674.98512968
113,158.0,64.4006734788,-17.284185044,1674.99101659
114,159.0,64.400589684,-17.2843702218,1674.99658115
115,160.0,64.4005156184,-17.2845704357,1675.00184225
116,161.0,64.4004534499,-17.2847497371,1675.00681801
117,162.0,64.4004039746,-17.2848650068,1675.01152583
118,163.0,64.40036619,-17.2849004992,1675.01598237
119,164.0,64.4003371408,-17.2848884335,1675.02020356
120,165.0,64.4003124562,-17.2848856822,1675.02420464
121,166.0,64.4002871608,-17.2849337332,1675.02800015
122,167.0,64.4002564953,-17.2850329737,1675.03160392
123,168.0,64.4002167371,-17.285155022,1675.03502916
124,169.0,64.4001660055,-17.2852697293,1675.03828836
125,170.0,64.4001046648,-17.2853645401,1675.0413934
126,171.0,64.4000347027,-17.2854429881,1675.04435552
127,172.0,64.3999587164,-17.2855150599,1675.04718532
128,173.0,64.3998791137,-17.2855895212,1675.04989281
129,174.0,64.3997979027,-17.285672025,1675.05248737
130,175.0,64.3997167137,-17.2857654973,1675.05497782
131,176.0,64.3996368291,-17.2858706107,1675.05737238
132,177.0,64.3995592138,-17.285986258,1675.05967872
133,178.0,64.3994845461,-17.286110026,1675.06190395
134,179.0,64.3994132472,-17.2862386684,1675.06405465
135,180.0,64.3993455126,-17.2863685803,1675.06613685
136,181.0,64.3992813414,-17.2864962676,1675.06815607
137,182.0,64.3992205675,-17.2866187386,1675.07011735
138,183.0,64.3991628896,-17.2867336912,1675.07202519
139,184.0,64.3991079016,-17.2868396209,1675.07388365
140,185.0,64.3990551229,-17.2869359259,1675.0756963
141,186.0,64.3990040291,-17.2870230116,1675.07746626
142,187.0,64.3989540819,-17.2871023959,1675.07919618
143,188.0,64.3989047598,-17.2871768136,1675.08088832
144,189.0,64.3988555884,-17.2872503215,1675.08254448
145,190.0,64.39880617,-17.2873283767,1675.08416607
146,191.0,64.3987562034,-17.2874174376,1675.08575408
147,192.0,64.398705481,-17.2875236079,1675.08730915
148,193.0,64.3986538813,-17.2876509873,1675.08883151
149,194.0,64.3986013601,-17.2878000126,1675.09032105
150,195.0,64.3985479414,-17.2879658012,1675.09177729
151,196.0,64.3984937094,-17.288136886,1675.09319943
152,197.0,64.3984387998,-17.288297681,1675.09458633
153,198.0,64.3983833908,-17.28843563,1675.09593654
154,199.0,64.3983276951,-17.2885483737,1675.09724832
155,200.0,64.398271951,-17.2886448783,1675.0985196
156,201.0,64.3982164135,-17.2887405181,1675.09974808
157,202.0,64.3981613464,-17.2888513077,1675.10093116
158,203.0,64.3981070133,-17.2889881288,1675.10206599
159,204.0,64.398053669,-17.2891509953,1675.10314948
160,205.0,64.3980015508,-17.2893256419,1675.10417831
161,206.0,64.3979508704,-17.2894897811,1675.10514894
162,207.0,64.3979018048,-17.2896253865,1675.10605763
163,208.0,64.3978544901,-17.2897283359,1675.10690041
164,209.0,64.3978090212,-17.2898079827,1675.10767317
165,210.0,64.3977654553,-17.2898816919,1675.10837161
166,211.0,64.3977238147,-17.2899690982,1675.10899126
167,212.0,64.3976840908,-17.2900863641,1675.1095275
168,213.0,64.3976462467,-17.2902404599,1675.10997561
169,214.0,64.3976102213,-17.2904251269,1675.11033069
170,215.0,64.3975759319,-17.2906243704,1675.11058778
171,216.0,64.397543278,-17.290821031,1675.11074178
172,217.0,64.3975121447,-17.2910051325,1675.11078753
173,218.0,64.3974824055,-17.2911767657,1675.11071977
174,219.0,64.3974539263,-17.2913427458,1675.11053318
175,220.0,64.3974265682,-17.2915122412,1675.11022241
176,221.0,64.3974001912,-17.2916923958,1675.10978203
177,222.0,64.3973746574,-17.2918839515,1675.10920662
178,223.0,64.397349834,-17.2920769597,1675.10849071
179,224.0,64.3973255975,-17.292250216,1675.10762885
180,225.0,64.397301836,-17.2923831861,1675.10661557
181,226.0,64.3972784533,-17.2924743558,1675.10544545
182,227.0,64.3972553715,-17.2925554937,1675.10411307
183,228.0,64.3972325315,-17.2926788647,1675.10261307
184,229.0,64.3972098923,-17.2928807129,1675.10094013
185,230.0,64.3971874283,-17.2931447062,1675.09908899
186,231.0,64.3971651287,-17.293398441,1675.09705446
187,232.0,64.3971429951,-17.2935589682,1675.09483141
188,233.0,64.3971210402,-17.2935883644,1675.0924148
189,234.0,64.3970992862,-17.2935259036,1675.08979969
190,235.0,64.397077763,-17.2934604529,1675.08698122
191,236.0,64.3970565065,-17.2934793317,1675.08395465
192,237.0,64.3970355574,-17.2936205156,1675.08071536
193,238.0,64.397014959,-17.2938603779,1675.07725884
194,239.0,64.3969947558,-17.2941419328,1675.07358073
195,240.0,64.3969749919,-17.2944095747,1675.0696768
196,241.0,64.3969557095,-17.2946359787,1675.06554297
197,242.0,64.3969369468,-17.2948225598,1675.06117531
198,243.0,64.3969187369,-17.2949862654,1675.05657009
199,244.0,64.3969011056,-17.2951460266,1675.05172371
200,245.0,64.3968840703,-17.2953145576,1675.04663278
201,246.0,64.3968676381,-17.2954980863,1675.04129411
202,247.0,64.396851804,-17.2956978546,1675.03570468
203,248.0,64.39683655,-17.2959115658,1675.0298617
204,249.0,64.3968218442,-17.296134486,1675.02376259
205,250.0,64.3968076417,-17.2963603115,1675.01740501
206,251.0,64.396793885,-17.296582017,1675.01078682
207,252.0,64.3967805043,-17.2967927032,1675.00390617
208,253.0,64.3967674185,-17.2969864451,1674.99676142
209,254.0,64.3967545352,-17.2971591393,1674.9893512
210,255.0,64.3967417513,-17.2973093527,1674.98167442
211,256.0,64.3967289541,-17.2974391697,1674.97373025
212,257.0,64.396716021,-17.2975550406,1674.96551816
213,258.0,64.3967028204,-17.2976685434,1674.9570379
214,259.0,64.3966892124,-17.2977949176,1674.94828952
215,260.0,64.396675049,-17.2979459432,1674.9392734
216,261.0,64.3966601746,-17.2981217415,1674.92999021
217,262.0,64.3966444268,-17.2983117561,1674.92044097
218,263.0,64.3966276368,-17.298505867,1674.91062702
219,264.0,64.3966096298,-17.2987024608,1674.90055005
220,265.0,64.3965902256,-17.2989017727,1674.89021209
221,266.0,64.3965692398,-17.299093059,1674.87961555
222,267.0,64.3965464933,-17.2992519429,1674.86876321
223,268.0,64.3965218323,-17.299352092,1674.85765819
224,269.0,64.3964951508,-17.2993797955,1674.84630404
225,270.0,64.3964664127,-17.2993485729,1674.83470469
226,271.0,64.3964356749,-17.2993119381,1674.82286445
227,272.0,64.3964031087,-17.2993505546,1674.81078807
228,273.0,64.396369023,-17.2995168456,1674.7984807
229,274.0,64.3963338786,-17.2997842003,1674.78594793
230,275.0,64.3962982641,-17.3000724046,1674.77319578
231,276.0,64.3962628441,-17.3003270231,1674.76023071
232,277.0,64.3962283045,-17.3005604193,1674.74705966
233,278.0,64.3961952974,-17.3008030268,1674.73368998
234,279.0,64.3961643868,-17.3010376198,1674.72012954
235,280.0,64.3961359933,-17.3012050241,1674.70638665
236,281.0,64.3961103406,-17.3012738535,1674.69247014
237,282.0,64.3960874223,-17.3012873084,1674.67838932
238,283.0,64.3960670226,-17.3013312189,1674.66415399
239,284.0,64.3960487572,-17.301471519,1674.64977447
240,285.0,64.3960321166,-17.3017088301,1674.63526162
241,286.0,64.3960165075,-17.3019922996,1674.62062681
242,287.0,64.3960012953,-17.3022629266,1674.60588194
243,288.0,64.395985847,-17.3024906001,1674.59103947
244,289.0,64.3959695726,-17.3026781484,1674.57611242
245,290.0,64.3959519681,-17.302844577,1674.56111434
246,291.0,64.3959326518,-17.3030084738,1674.54605939
247,292.0,64.3959113735,-17.303181014,1674.53096228
248,293.0,64.3958879997,-17.3033665987,1674.51583833
249,294.0,64.3958624974,-17.3035642986,1674.50070344
250,295.0,64.3958349172,-17.3037692995,1674.48557411
251,296.0,64.395805377,-17.3039743465,1674.47046748
252,297.0,64.3957740452,-17.3041711898,1674.45540128
253,298.0,64.3957411242,-17.3043520294,1674.44039389
254,299.0,64.3957068338,-17.3045109601,1674.42546431
255,300.0,64.3956713949,-17.3046453524,1674.41063221
256,301.0,64.395635019,-17.3047564101,1674.39591778
257,302.0,64.3955979059,-17.3048484208,1674.38134152
258,303.0,64.3955602437,-17.3049276934,1674.366924
259,304.0,64.3955222086,-17.3050014904,1674.35268553
260,305.0,64.3954839651,-17.3050769605,1674.33864592
261,306.0,64.3954456657,-17.3051600827,1674.32482422
262,307.0,64.3954074511,-17.3052549325,1674.31123842
263,308.0,64.39536945,-17.3053637616,1674.29790517
264,309.0,64.3953317791,-17.3054874001,1674.28483957
265,310.0,64.3952945432,-17.3056256666,1674.27205481
266,311.0,64.3952578347,-17.3057777084,1674.25956196
267,312.0,64.3952217342,-17.3059421608,1674.2473697
268,313.0,64.3951863099,-17.3061172354,1674.23548399
269,314.0,64.3951516181,-17.3063008055,1674.22390786
270,315.0,64.3951177026,-17.3064904917,1674.2126411
271,316.0,64.395084595,-17.3066837473,1674.20168002
272,317.0,64.3950523145,-17.3068779442,1674.19101713
273,318.0,64.395020868,-17.3070704577,1674.18064091
274,319.0,64.39499025,-17.3072587528,1674.17053554
275,320.0,64.3949604426,-17.3074404692,1674.16068058
276,321.0,64.3949314151,-17.307613507,1674.15105076
277,322.0,64.3949031248,-17.3077761122,1674.14161564
278,323.0,64.3948755164,-17.3079269612,1674.13233942
279,324.0,64.3948485244,-17.3080652434,1674.12318058
280,325.0,64.3948220747,-17.3081907426,1674.11409167
281,326.0,64.394796087,-17.3083039187,1674.10501903
282,327.0,64.3947704764,-17.3084059892,1674.09590248
283,328.0,64.394745156,-17.3084990107,1674.08667508
284,329.0,64.3947200384,-17.3085859604,1674.07726287
285,330.0,64.3946950383,-17.3086708101,1674.06758456
286,331.0,64.3946700741,-17.3087583992,1674.05755127
287,332.0,64.3946450704,-17.3088537981,1674.04706628
288,333.0,64.3946199596,-17.3089614711,1674.03602473
289,334.0,64.3945946844,-17.3090844355,1674.02431338
290,335.0,64.3945691994,-17.3092236188,1674.01181029
291,336.0,64.3945434738,-17.3093779613,1673.99838459
292,337.0,64.3945174927,-17.3095449476,1673.98389619
293,338.0,64.3944912598,-17.3097211681,1673.96819551
294,339.0,64.394464799,-17.3099028788,1673.95112321
295,340.0,64.3944381567,-17.3100865631,1673.93250992
296,341.0,64.394411404,-17.3102694915,1673.91217594
297,342.0,64.3943846384,-17.3104502831,1673.88993102
298,343.0,64.394357986,-17.3106293686,1673.86557404
299,344.0,64.3943316039,-17.3108085874,1673.83889277
300,345.0,64.3943056816,-17.3109897428,1673.80966357
301,346.0,64.3942804437,-17.3111729748,1673.77765116
302,347.0,64.3942561512,-17.3113552078,1673.74260854
303,348.0,64.3942330983,-17.3115297174,1673.70428092
304,349.0,64.3942116002,-17.3116876457,1673.66241628
305,350.0,64.3941919785,-17.3118200339,1673.61677772
306,351.0,64.3941745467,-17.3119198646,1673.5671559
307,352.0,64.3941595953,-17.311984105,1673.51338144
308,353.0,64.3941473778,-17.3120156391,1673.45533732
309,354.0,64.3941380954,-17.3120233131,1673.39297129
310,355.0,64.3941318828,-17.3120183269,1673.32630827
311,356.0,64.3941287937,-17.3120097737,1673.25546051
312,357.0,64.3941287859,-17.3120024962,1673.18061518
313,358.0,64.3941317068,-17.3119979856,1673.10199275
314,359.0,64.3941372788,-17.3119958669,1673.0197997
315,360.0,64.394145085,-17.3119953897,1672.93418126
316,361.0,64.3941545539,-17.3119969062,1672.84517443
317,362.0,64.3941649324,-17.3120026345,1672.75268248
318,363.0,64.394175211,-17.3120146592,1672.65653207
319,364.0,64.39418402,-17.3120312996,1672.55657931
320,365.0,64.3941895247,-17.3120437213,1672.45281926
321,366.0,64.3941893198,-17.3120400892,1672.34549535
322,367.0,64.3941803241,-17.3120264187,1672.23520892
323,368.0,64.3941587406,-17.3120502577,1672.1230199
324,369.0,64.3941207823,-17.3121903273,1672.01044414
325,370.0,64.3940645346,-17.3124955065,1671.89929749
326,371.0,64.3939917888,-17.3129285715,1671.79150561
327,372.0,64.3939078816,-17.3134239446,1671.68891333
328,373.0,64.393819538,-17.3140572277,1671.59309437
329,374.0,64.3937327338,-17.3150556081,1671.50518927
330,375.0,64.3936518972,-17.3160565174,1671.42586942
331,376.0,64.3935800157,-17.3161200341,1671.35538611
332,377.0,64.3935188198,-17.3158325311,1671.29362683
333,378.0,64.3934689662,-17.3159565597,1671.24017158
334,379.0,64.3934302215,-17.3165280198,1671.19434917
335,380.0,64.3934016457,-17.3172038837,1671.15529348
336,381.0,64.3933817756,-17.3176543155,1671.12199976
337,382.0,64.3933688084,-17.3177991671,1671.09338095
338,383.0,64.3933607853,-17.3177565353,1671.06832397
339,384.0,64.3933557748,-17.3177094474,1671.04574598
340,385.0,64.3933520493,-17.3177778057,1671.0246485
341,386.0,64.3933481854,-17.3179643443,1671.0041484
342,387.0,64.3933430625,-17.3182010771,1670.98347757
343,388.0,64.3933358399,-17.3184160449,1670.96197623
344,389.0,64.3933259339,-17.3185927122,1670.93908617
345,390.0,64.3933129954,-17.3187756402,1670.91434402
346,391.0,64.3932968863,-17.3190224335,1670.88737447
347,392.0,64.3932776575,-17.3193482714,1670.85788355
348,393.0,64.3932555252,-17.3196845905,1670.82565185
349,394.0,64.3932308488,-17.3199078738,1670.79052777
350,395.0,64.3932041077,-17.3199200739,1670.7524208
351,396.0,64.3931758783,-17.3197331181,1670.71129473
352,397.0,64.3931468116,-17.3195150783,1670.66716091
353,398.0,64.3931176098,-17.3195015184,1670.62007151
354,399.0,64.3930890039,-17.3198339716,1670.57011275
355,400.0,64.3930617308,-17.32040049,1670.51739817
356,401.0,64.3930365101,-17.3208476366,1670.46206185
357,402.0,64.3930140217,-17.3209811887,1670.40425169
358,403.0,64.3929948825,-17.3209221199,1670.34412264
359,404.0,64.3929796173,-17.3208318037,1670.28183093
360,405.0,64.3929686047,-17.3207900946,1670.21753175
361,406.0,64.3929620106,-17.3208113132,1670.15137897
362,407.0,64.3929597187,-17.3208696425,1670.08352498
363,408.0,64.3929612629,-17.3209243905,1670.01412057
364,409.0,64.3929657587,-17.3209417113,1669.94331473
365,410.0,64.3929718346,-17.3209073378,1669.87125454
366,411.0,64.392977564,-17.3208357743,1669.798085
367,412.0,64.3929803966,-17.3207793512,1669.72394891
368,413.0,64.3929771078,-17.3208301175,1669.64898665
369,414.0,64.3929640064,-17.3210171148,1669.57333611
370,415.0,64.3929375932,-17.3211304518,1669.4971325
371,416.0,64.392895338,-17.3211025031,1669.4205082
372,417.0,64.3928364601,-17.3213519244,1669.34359262
373,418.0,64.3927626266,-17.3219170413,1669.26651202
374,419.0,64.3926779226,-17.3223577429,1669.18938942
375,420.0,64.3925879477,-17.3227558984,1669.11234439
376,421.0,64.3924987584,-17.3232405347,1669.03549292
377,422.0,64.3924158105,-17.3234641281,1668.95894728
378,423.0,64.3923430145,-17.3234930076,1668.88281588
379,424.0,64.392282435,-17.3237303064,1668.80720306
380,425.0,64.392234526,-17.3241171406,1668.73220902
381,426.0,64.3921984264,-17.3243865772,1668.65792961
382,427.0,64.3921722556,-17.3244933316,1668.58445621
383,428.0,64.3921534091,-17.3245179756,1668.51187556
384,429.0,64.392138854,-17.3245176068,1668.44026964
385,430.0,64.3921254246,-17.3245141313,1668.36971546
386,431.0,64.392110118,-17.3245110869,1668.300285
387,432.0,64.3920903897,-17.3245107778,1668.23204498
388,433.0,64.3920644444,-17.324531234,1668.16505673
389,434.0,64.3920313231,-17.3246152223,1668.09937606
390,435.0,64.3919902703,-17.3248113039,1668.03505312
391,436.0,64.3919397134,-17.3251397842,1667.97213218
392,437.0,64.3918762174,-17.3255603863,1667.91065156
393,438.0,64.3917934414,-17.3259827778,1667.85064345
394,439.0,64.3916825291,-17.3263509904,1667.79213373
395,440.0,64.3915475081,-17.3266936252,1667.73514186
396,441.0,64.3914326817,-17.3270847561,1667.67968073
397,442.0,64.3913944912,-17.3274994124,1667.62575648
398,443.0,64.391431103,-17.3276699355,1667.57336836
399,444.0,64.3914899436,-17.3273792262,1667.52250859
400,445.0,64.3915260304,-17.3268819787,1667.47316229
401,446.0,64.3915206663,-17.3266387074,1667.42530771
402,447.0,64.3914754299,-17.3268416939,1667.37891656
403,448.0,64.3914046301,-17.3273845918,1667.33395442
404,449.0,64.3913277613,-17.3280164071,1667.29038111
405,450.0,64.3912619938,-17.328501792,1667.24815107
406,451.0,64.3912162982,-17.3287458299,1667.20721375
407,452.0,64.3911913146,-17.3287939562,1667.16751395
408,453.0,64.3911823258,-17.3287643916,1667.12899226
409,454.0,64.3911824211,-17.3287764982,1667.09158538
410,455.0,64.3911853164,-17.328889667,1667.05522652
411,456.0,64.3911864861,-17.3290942585,1667.01984581
412,457.0,64.3911830486,-17.3293408838,1666.98537062
413,458.0,64.3911735342,-17.3295733267,1666.95172598
414,459.0,64.3911576526,-17.3297585086,1666.91883496
415,460.0,64.3911360603,-17.329895428,1666.88661903
416,461.0,64.3911101278,-17.3300030768,1666.85499842
417,462.0,64.3910817075,-17.3301053947,1666.82389258
418,463.0,64.3910529006,-17.3302170018,1666.79322044
419,464.0,64.391025825,-17.3303372264,1666.7629009
420,465.0,64.3910023827,-17.3304553949,1666.73285313
421,466.0,64.3909840268,-17.3305584004,1666.70299701
422,467.0,64.3909715369,-17.3306381034,1666.67325344
423,468.0,64.3909649102,-17.3306956399,1666.64354478
424,469.0,64.3909634701,-17.3307400055,1666.61379522
425,470.0,64.3909660354,-17.3307850119,1666.5839311
426,471.0,64.3909710921,-17.3308462081,1666.55388137
427,472.0,64.390976964,-17.3309378011,1666.52357792
428,473.0,64.3909819838,-17.3310695769,1666.49295597
429,474.0,64.3909846642,-17.3312438238,1666.46195446
430,475.0,64.3909838692,-17.3314528375,1666.43051639
431,476.0,64.3909789848,-17.3316805538,1666.39858925
432,477.0,64.3909700904,-17.3319083091,1666.36612537
433,478.0,64.3909581252,-17.332121114,1666.33308231
434,479.0,64.3909449344,-17.3323121584,1666.29942321
435,480.0,64.3909330117,-17.3324828193,1666.26511722
436,481.0,64.3909251207,-17.3326408954,1666.23013984
437,482.0,64.3909239126,-17.3327985942,1666.19447329
438,483.0,64.3909315435,-17.332969235,1666.15810694
439,484.0,64.3909492915,-17.33316267,1666.12103764
440,485.0,64.3909771746,-17.3333806138,1666.0832701
441,486.0,64.3910135676,-17.3336143135,1666.04481731
442,487.0,64.3910548195,-17.3338481598,1666.00570089
443,488.0,64.3910948725,-17.3340656362,1665.96595144
444,489.0,64.3911252176,-17.3342548791,1665.92560894
445,490.0,64.3911372424,-17.3344108313,1665.88472267
446,491.0,64.39112697,-17.33453399,1665.84335088
447,492.0,64.3911000072,-17.3346286741,1665.80156036
448,493.0,64.3910731423,-17.3347012903,1665.75942602
449,494.0,64.3910674372,-17.3347585991,1665.7170305
450,495.0,64.39109797,-17.33480598,1665.67446375
451,496.0,64.3911636647,-17.3348457344,1665.63182258
452,497.0,64.3912427865,-17.3348763434,1665.58921031
453,498.0,64.3913028148,-17.3348941505,1665.54673629
454,499.0,64.39131598,-17.334896,1665.50451554
455,500.0,64.3912747306,-17.3348818705,1665.4626683
456,501.0,64.3911997036,-17.3348564416,1665.42131964
457,502.0,64.3911286677,-17.3348279502,1665.38059901
458,503.0,64.39109797,-17.33480598,1665.3406399
459,504.0,64.3911240029,-17.334799209,1665.30157932
460,505.0,64.3911926773,-17.334813158,1665.26355748
461,506.0,64.3912692204,-17.3348479383,1665.22671734
462,507.0,64.39131598,-17.334896,1665.19120418
463,508.0,64.3913102759,-17.3349400071,1665.15716521
464,509.0,64.3912554534,-17.3349540178,1665.12474914
465,510.0,64.3911746842,-17.3349130546,1665.09410578
466,511.0,64.39109797,-17.33480598,1665.06538563
467,512.0,64.3910490423,-17.3346481912,1665.038739
468,513.0,64.3910363741,-17.3344863085,1665.01430386
469,514.0,64.3910546257,-17.3343825416,1664.99216488
470,515.0,64.3910902026,-17.3343910488,1664.97230114
471,516.0,64.39112697,-17.33453399,1664.95453341
472,517.0,64.391151902,-17.334778225,1664.93847144
473,518.0,64.391158997,-17.3350288409,1664.92346124
474,519.0,64.391148793,-17.3351653955,1664.90853236
475,520.0,64.391126151,-17.3350949885,1664.89234516
476,521.0,64.39109797,-17.33480598,1664.8731381
477,522.0,64.3910709252,-17.3344195396,1664.84867503
478,523.0,64.3910497685,-17.3341848008,1664.81619246
479,524.0,64.391037059,-17.3343308579,1664.77234684
480,525.0,64.3910334563,-17.3348623676,1664.71316185
481,526.0,64.391038036,-17.3353529815,1664.63397566
482,527.0,64.3910486104,-17.3349433033,1664.52955176
483,528.0,64.3910621904,-17.3349084022,1664.39836913
484,529.0,64.3910757989,-17.3349382118,1664.2514986
485,530.0,64.3910871893,-17.3348985884,1664.10325288
486,531.0,64.3910949733,-17.3349527987,1663.96368516
487,532.0,64.3910985125,-17.3349074842,1663.83892118
488,533.0,64.3910978024,-17.3349163202,1663.73187826
489,534.0,64.3910933545,-17.3349925908,1663.6429845
490,535.0,64.3910860799,-17.3350732631,1663.57089783
491,536.0,64.3910771722,-17.335086056,1663.5132251
492,537.0,64.3910679905,-17.3350120744,1663.46723503
493,538.0,64.3910599305,-17.3349120504,1663.43040934
494,539.0,64.3910542683,-17.3348613152,1663.40058336
495,540.0,64.3910519935,-17.3348773613,1663.37592501
496,541.0,64.3910536409,-17.3349199994,1663.35490746
497,542.0,64.3910591228,-17.3349315062,1663.33628181
498,543.0,64.3910675614,-17.3349034869,1663.31904983
499,544.0,64.391077121,-17.3348937902,1663.30243662
500,545.0,64.3910848064,-17.334901064,1663.28586337
501,546.0,64.3910853906,-17.3349820533,1663.26892099
502,547.0,64.3910681304,-17.3355802622,1663.25134618
503,548.0,64.3910126102,-17.3365009287,1663.23299833
504,549.0,64.3908860021,-17.3372641216,1663.21383653
505,550.0,64.3906772651,-17.3380267594,1663.19389656
506,551.0,64.3904636482,-17.3389009731,1663.17326786
507,552.0,64.390302535,-17.3393436843,1663.15207053
508,553.0,64.3901920657,-17.3393395862,1663.1304325
509,554.0,64.3901180383,-17.3397689871,1663.10847188
510,555.0,64.3900686736,-17.3401540325,1663.08629228
511,556.0,64.3900348417,-17.3400288878,1663.06398331
512,557.0,64.3900097306,-17.3398200371,1663.04162127
513,558.0,64.3899885145,-17.3399298699,1663.01926987
514,559.0,64.3899680216,-17.3402739706,1662.99698084
515,560.0,64.3899464024,-17.340557595,1662.97479471
516,561.0,64.3899227984,-17.3406407791,1662.95274144
517,562.0,64.3898970093,-17.3406033425,1662.93084112
518,563.0,64.3898691649,-17.3405894347,1662.90910467
519,564.0,64.3898394674,-17.3406771677,1662.88753452
520,565.0,64.3898081165,-17.3408656849,1662.86612529
521,566.0,64.3897753062,-17.3411085031,1662.8448645
522,567.0,64.3897412246,-17.3413486335,1662.82373324
523,568.0,64.3897060531,-17.341553598,1662.80270686
524,569.0,64.3896699666,-17.3417408784,1662.78175567
525,570.0,64.3896331327,-17.3419560677,1662.76084562
526,571.0,64.3895957112,-17.3422172226,1662.73993898
527,572.0,64.3895578541,-17.3424827802,1662.71899504
528,573.0,64.389519705,-17.3426877195,1662.69797081
529,574.0,64.3894813986,-17.3428028212,1662.67682167
530,575.0,64.3894430605,-17.3428552325,1662.6555021
531,576.0,64.3894048067,-17.3428951518,1662.63396636
532,577.0,64.3893667433,-17.3429574437,1662.61216913
533,578.0,64.3893289659,-17.343052011,1662.59006628
534,579.0,64.3892915595,-17.3431753227,1662.56761547
535,580.0,64.3892545981,-17.3433210251,1662.54477676
536,581.0,64.3892181451,-17.3434830811,1662.52151266
537,582.0,64.3891822536,-17.3436559657,1662.49778812
538,583.0,64.3891469673,-17.3438347479,1662.47357055
539,584.0,64.3891123206,-17.3440151728,1662.44882969
540,585.0,64.3890783391,-17.3441937437,1662.42353765
541,586.0,64.3890450405,-17.344367804,1662.39766884
542,587.0,64.3890124346,-17.3445356191,1662.37119994
543,588.0,64.3889805242,-17.344696459,1662.34410986
544,589.0,64.3889493054,-17.3448506796,1662.31637971
545,590.0,64.3889187679,-17.3449997884,1662.28799276
546,591.0,64.3888888959,-17.3451463087,1662.2589344
547,592.0,64.3888596685,-17.345293347,1662.22919212
548,593.0,64.38883106,-17.3454440943,1662.19875543
549,594.0,64.3888030403,-17.3456013257,1662.1676159
550,595.0,64.388775576,-17.3457669011,1662.13576704
551,596.0,64.3887486302,-17.345941265,1662.10320434
552,597.0,64.3887221633,-17.3461229466,1662.06992515
553,598.0,64.3886961337,-17.3463080599,1662.03592873
554,599.0,64.3886704978,-17.3464898038,1662.00121615
555,600.0,64.388645211,-17.3466579673,1661.96579029
556,601.0,64.3886202279,-17.3467991467,1661.92965579
557,602.0,64.3885955028,-17.346901285,1661.892819
558,603.0,64.3885709904,-17.3469620012,1661.85528798
559,604.0,64.3885466461,-17.346997108,1661.81707242
560,605.0,64.3885224265,-17.3470422317,1661.77818364
561,606.0,64.38849829,-17.3471369176,1661.73863453
562,607.0,64.3884741973,-17.3473021877,1661.69843954
563,608.0,64.3884501118,-17.3475269631,1661.65761461
564,609.0,64.3884260001,-17.3477776631,1661.61617715
565,610.0,64.3884018326,-17.3480167638,1661.574146
566,611.0,64.388377584,-17.3482172506,1661.53154143
567,612.0,64.3883532336,-17.3483657562,1661.48838502
568,613.0,64.388328766,-17.3484612422,1661.44469972
569,614.0,64.3883041715,-17.3485135091,1661.40050974
570,615.0,64.3882794465,-17.348541706,1661.35584056
571,616.0,64.3882545945,-17.3485727318,1661.31071886
572,617.0,64.3882296257,-17.3486368082,1661.26517251
573,618.0,64.3882045585,-17.3487558734,1661.21923053
574,619.0,64.388179419,-17.3489295266,1661.17292302
575,620.0,64.388154242,-17.3491307094,1661.12628116
576,621.0,64.3881290691,-17.3493263813,1661.07933707
577,622.0,64.3881039479,-17.3495073807,1661.03212372
578,623.0,64.38807893,-17.3497014832,1660.9846748
579,624.0,64.3880540698,-17.3499428476,1660.93702461
580,625.0,64.3880294229,-17.3502253201,1660.88920795
581,626.0,64.3880050445,-17.3504821035,1660.84126
582,627.0,64.3879809882,-17.3506340291,1660.79321622
583,628.0,64.3879573041,-17.3506633586,1660.7451122
584,629.0,64.3879340376,-17.3506497177,1660.69698359
585,630.0,64.3879112279,-17.3507072731,1660.64886594
586,631.0,64.3878889062,-17.3508893357,1660.60079464
587,632.0,64.3878670945,-17.3511578977,1660.55280475
588,633.0,64.3878458041,-17.351443239,1660.50493091
589,634.0,64.3878250338,-17.3517102086,1660.45720723
590,635.0,64.3878047689,-17.3519675044,1660.40966718
591,636.0,64.3877849791,-17.352235197,1660.36234344
592,637.0,64.3877656186,-17.3525179111,1660.31526783
593,638.0,64.3877466272,-17.3528025598,1660.26847118
594,639.0,64.387727933,-17.3530657543,1660.22198319
595,640.0,64.3877094552,-17.3532815845,1660.17583235
596,641.0,64.3876911065,-17.3534294006,1660.13004581
597,642.0,64.3876727956,-17.3535015936,1660.08464926
598,643.0,64.3876544299,-17.3535113771,1660.03966684
599,644.0,64.387635918,-17.3535001015,1659.99512099
600,645.0,64.3876171722,-17.353532438,1659.95103235
601,646.0,64.3875981115,-17.3536607743,1659.90741966
602,647.0,64.3875786635,-17.3538813467,1659.86429964
603,648.0,64.3875587675,-17.3541304823,1659.82168683
604,649.0,64.3875383769,-17.3543358235,1659.77959357
605,650.0,64.3875174617,-17.3544689536,1659.73802978
606,651.0,64.3874960113,-17.3545499705,1659.69700292
607,652.0,64.3874740367,-17.35461689,1659.65651784
608,653.0,64.3874515722,-17.3546996946,1659.61657674
609,654.0,64.3874286737,-17.3548147565,1659.57717919
610,655.0,64.3874054164,-17.3549672881,1659.53832222
611,656.0,64.3873818915,-17.3551541024,1659.50000046
612,657.0,64.3873582044,-17.3553663717,1659.4622062
613,658.0,64.3873344712,-17.3555923879,1659.42492947
614,659.0,64.3873108168,-17.3558203219,1659.38815817
615,660.0,64.3872873717,-17.3560409829,1659.35187817
616,661.0,64.3872642693,-17.3562505743,1659.31607335
617,662.0,64.3872416438,-17.3564528109,1659.28072576
618,663.0,64.387219627,-17.3566571728,1659.24581569
619,664.0,64.3871983459,-17.3568737689,1659.21132174
620,665.0,64.3871779198,-17.3571079793,1659.17722095
621,666.0,64.387158458,-17.3573566343,1659.1434889
622,667.0,64.3871400568,-17.357605947,1659.11009976
623,668.0,64.387122797,-17.3578303614,1659.07702644
624,669.0,64.3871067413,-17.3579987875,1659.04424063
625,670.0,64.3870919315,-17.3580917873,1659.01171296
626,671.0,64.3870783859,-17.3581203537,1658.97941304
627,672.0,64.3870660983,-17.3581300789,1658.94730957
628,673.0,64.3870550394,-17.3581769876,1658.91537045
629,674.0,64.3870451592,-17.3582954357,1658.88356287
630,675.0,64.3870363893,-17.3584791053,1658.8518534
631,676.0,64.3870286454,-17.3586957632,1658.82020807
632,677.0,64.3870218295,-17.3589149512,1658.78859249
633,678.0,64.3870158323,-17.3591266394,1658.75697197
634,679.0,64.3870105359,-17.3593356384,1658.72531152
635,680.0,64.3870058155,-17.3595466497,1658.69357606
636,681.0,64.3870015424,-17.3597537949,1658.66173045
637,682.0,64.3869975861,-17.3599424521,1658.62973958
638,683.0,64.3869938165,-17.3600959387,1658.59756849
639,684.0,64.3869901068,-17.3602023817,1658.56518249
640,685.0,64.3869863352,-17.3602615871,1658.53254718
641,686.0,64.3869823878,-17.3602916817,1658.49962861
642,687.0,64.3869781605,-17.3603298301,1658.46639336
643,688.0,64.3869735619,-17.3604179099,1658.43280862
644,689.0,64.3869685154,-17.36058253,1658.3988423
645,690.0,64.386962965,-17.36082178,1658.36446312
646,691.0,64.3869568895,-17.3611096478,1658.3296407
647,692.0,64.3869503199,-17.3614073955,1658.29434567
648,693.0,64.3869433567,-17.3616752043,1658.25854976
649,694.0,64.3869361873,-17.361883819,1658.22222588
650,695.0,64.3869291038,-17.362025945,1658.18534824
651,696.0,64.3869225201,-17.3621212347,1658.1478924
652,697.0,64.3869169895,-17.362204995,1658.10983545
653,698.0,64.3869132203,-17.3623106487,1658.07115601
654,699.0,64.3869120374,-17.3624562277,1658.03183438
655,700.0,64.3869142076,-17.3626417308,1657.99185264
656,701.0,64.386920212,-17.3628507606,1657.9511947
657,702.0,64.3869300155,-17.3630523256,1657.90984646
658,703.0,64.386942837,-17.3632037306,1657.86779583
659,704.0,64.3869569188,-17.3632694901,1657.82503289
660,705.0,64.3869693055,-17.3632676147,1657.78154996
661,706.0,64.386976083,-17.3632982989,1657.73734169
662,707.0,64.3869743443,-17.36347876,1657.69240514
663,708.0,64.3869648349,-17.363834223,1657.64673994
664,709.0,64.3869518475,-17.3642766048,1657.6003483
665,710.0,64.3869397794,-17.3646918117,1657.55323517
666,711.0,64.3869303711,-17.3650167309,1657.50540831
667,712.0,64.3869231761,-17.3652413104,1657.45687837
668,713.0,64.3869171532,-17.3653828704,1657.40765902
669,714.0,64.3869114424,-17.3654695529,1657.35776702
670,715.0,64.38690542,-17.3655323295,1657.30722233
671,716.0,64.3868986721,-17.3655979661,1657.25604819
672,717.0,64.3868909698,-17.3656820472,1657.20427123
673,718.0,64.3868822419,-17.3657849739,1657.15192155
674,719.0,64.3868725501,-17.3658991398,1657.09903283
675,720.0,64.3868620622,-17.3660216132,1657.04564231
676,721.0,64.3868510239,-17.3661589902,1656.99178993
677,722.0,64.3868397283,-17.3663223194,1656.93751633
678,723.0,64.3868284845,-17.3665202844,1656.88286071
679,724.0,64.3868175868,-17.3667523721,1656.82785872
680,725.0,64.3868072832,-17.3670024195,1656.77254024
681,726.0,64.3867977443,-17.3672389891,1656.71692731
682,727.0,64.3867890323,-17.3674294064,1656.66103192
683,728.0,64.3867810718,-17.3675572973,1656.6048539
684,729.0,64.3867736435,-17.3676309046,1656.54837875
685,730.0,64.3867664171,-17.3676766326,1656.49157548
686,731.0,64.386758991,-17.3677290398,1656.43439451
687,732.0,64.3867509344,-17.3678207762,1656.37676547
688,733.0,64.3867418274,-17.3679725266,1656.31859506
689,734.0,64.3867313027,-17.3681844957,1656.25976493
690,735.0,64.3867190861,-17.3684388361,1656.20012951
691,736.0,64.3867050377,-17.3687129965,1656.13951386
692,737.0,64.3866891859,-17.3689919992,1656.07771237
693,738.0,64.3866717218,-17.3692666232,1656.01449194
694,739.0,64.3866529645,-17.3695204697,1655.94959867
695,740.0,64.3866333216,-17.3697218124,1655.88276499
696,741.0,64.3866132506,-17.3698402748,1655.81371676
697,742.0,64.3865932198,-17.3698788167,1655.74218036
698,743.0,64.3865736701,-17.3698925534,1655.6678898
699,744.0,64.3865549751,-17.3699610215,1655.59059384
700,745.0,64.3865374038,-17.3701378628,1655.51006305
701,746.0,64.3865210963,-17.3704170248,1655.42609695
702,747.0,64.3865060767,-17.3707441597,1655.3385311
703,748.0,64.3864922809,-17.3710458287,1655.2472442
704,749.0,64.3864795847,-17.371259607,1655.15216519
705,750.0,64.3864678313,-17.3713697823,1655.05328037
706,751.0,64.3864568599,-17.3714543682,1654.95064037
707,752.0,64.3864465265,-17.3716626153,1654.84436422
708,753.0,64.3864367094,-17.3720089394,1654.73463594
709,754.0,64.3864273081,-17.3722692497,1654.62169826
710,755.0,64.3864182415,-17.3723152562,1654.50584618
711,756.0,64.3864094469,-17.3723740309,1654.38742053
712,757.0,64.3864008784,-17.3726637958,1654.26680152
713,758.0,64.3863925055,-17.3730298363,1654.14440236
714,759.0,64.3863843116,-17.3732053738,1654.0206628
715,760.0,64.3863762927,-17.3731697082,1653.89604269
716,761.0,64.3863684559,-17.373121724,1653.77101559
717,762.0,64.3863608181,-17.373281869,1653.64606229
718,763.0,64.3863534043,-17.3736538092,1653.52166442
719,764.0,64.3863462467,-17.3739605892,1653.398298
720,765.0,64.3863393825,-17.3740527009,1653.27642702
721,766.0,64.3863328534,-17.3741914333,1653.15649699
722,767.0,64.3863267033,-17.3745532647,1653.03892855
723,768.0,64.3863209776,-17.374807854,1652.924111
724,769.0,64.3863157214,-17.3746572198,1652.8123959
725,770.0,64.3863109779,-17.3743799608,1652.7040906
726,771.0,64.3863067876,-17.3744244752,1652.59945188
727,772.0,64.3863031863,-17.3748605104,1652.49867945
728,773.0,64.3863002039,-17.3754316179,1652.40190953
729,774.0,64.3862978631,-17.3758484113,1652.30920848
730,775.0,64.3862961776,-17.3760185719,1652.22056631
731,776.0,64.3862951512,-17.3760334098,1652.13589025
732,777.0,64.386294776,-17.3760289426,1652.05499839
733,778.0,64.3862950315,-17.3760648163,1651.97761539
734,779.0,64.3862958847,-17.3761158829,1651.90337769
735,780.0,64.3862972919,-17.3761397044,1651.83184522
736,781.0,64.3862991999,-17.3761404473,1651.76251358
737,782.0,64.3863015477,-17.3761719027,1651.69482627
738,783.0,64.3863042677,-17.3762871097,1651.62818688
739,784.0,64.3863072872,-17.3764872784,1651.56197131
740,785.0,64.38631053,-17.3767182588,1651.49553997
741,786.0,64.386313918,-17.3769212177,1651.42824999
742,787.0,64.3863173723,-17.3770883169,1651.35946744
743,788.0,64.3863208149,-17.3772718865,1651.28857954
744,789.0,64.3863241702,-17.3775245663,1651.21500682
745,790.0,64.3863273665,-17.3778273567,1651.13821542
746,791.0,64.3863303371,-17.3780746614,1651.05772922
747,792.0,64.3863330223,-17.378170006,1650.97314207
748,793.0,64.3863353705,-17.3781507061,1650.88413
749,794.0,64.3863373399,-17.3782081144,1650.79046347
750,795.0,64.3863388997,-17.3784496623,1650.6920195
751,796.0,64.3863400319,-17.3787357671,1650.58879395
752,797.0,64.3863407324,-17.3788938535,1650.48091324
753,798.0,64.3863410117,-17.3789229066,1650.36863929
754,799.0,64.3863408934,-17.3789425694,1650.25236161
755,800.0,64.3863404126,-17.3790685166,1650.13258581
756,801.0,64.3863396141,-17.3792974352,1650.009922
757,802.0,64.3863385504,-17.3795097376,1649.88507323
758,803.0,64.3863372799,-17.3796200756,1649.75882389
759,804.0,64.3863358653,-17.3796563397,1649.63202814
760,805.0,64.3863343717,-17.379718022,1649.50559829
761,806.0,64.3863328648,-17.3799140878,1649.38049329
762,807.0,64.3863314089,-17.3803007018,1649.25770705
763,808.0,64.3863300656,-17.3808194463,1649.13825689
764,809.0,64.3863288915,-17.381280604,1649.02316732
765,810.0,64.3863279383,-17.3815670026,1648.91343127
766,811.0,64.3863272532,-17.381863283,1648.80995481
767,812.0,64.3863268788,-17.3823295758,1648.71350021
768,813.0,64.3863268541,-17.3826629538,1648.62462903
769,814.0,64.3863272147,-17.3825077879,1648.54364571
770,815.0,64.3863279931,-17.3820469715,1648.47055914
771,816.0,64.3863292195,-17.3817409697,1648.4050977
772,817.0,64.386330922,-17.381834512,1648.34674903
773,818.0,64.386333127,-17.3822953019,1648.29480102
774,819.0,64.3863358598,-17.3829308822,1648.24838277
775,820.0,64.3863391451,-17.3835123359,1648.2065056
776,821.0,64.3863430069,-17.3838902684,1648.16810401
777,822.0,64.3863474699,-17.3840417978,1648.13207668
778,823.0,64.3863525589,-17.3840346809,1648.09732745
779,824.0,64.3863583002,-17.3839768893,1648.06280632
780,825.0,64.3863647212,-17.3839662706,1648.02755024
781,826.0,64.3863718513,-17.3840504067,1647.99071719
782,827.0,64.3863797217,-17.3842248066,1647.95159422
783,828.0,64.3863883649,-17.384453152,1647.90959087
784,829.0,64.3863978148,-17.3846890398,1647.86423139
785,830.0,64.3864081061,-17.3848970886,1647.81514706
786,831.0,64.3864192742,-17.3850646809,1647.76206846
787,832.0,64.3864313548,-17.3851974225,1647.70481783
788,833.0,64.3864443835,-17.3853102728,1647.64330128
789,834.0,64.386458396,-17.3854185988,1647.57750116
790,835.0,64.3864734271,-17.3855303277,1647.5074683
791,836.0,64.386489511,-17.3856443556,1647.43331434
792,837.0,64.3865066807,-17.3857541641,1647.35520399
793,838.0,64.3865249678,-17.3858520202,1647.27334739
794,839.0,64.3865444023,-17.3859331223,1647.18799231
795,840.0,64.3865650121,-17.3859983372,1647.09941654
796,841.0,64.3865868229,-17.3860533563,1647.00792011
797,842.0,64.3866098578,-17.3861064421,1646.91381764
798,843.0,64.3866341371,-17.386166121,1646.81743061
799,844.0,64.3866596779,-17.3862388747,1646.71907965
800,845.0,64.386686494,-17.3863268332,1646.61907683
801,846.0,64.3867145953,-17.3864254949,1646.51771802
802,847.0,64.3867439877,-17.3865229068,1646.41527638
803,848.0,64.3867746726,-17.3866043306,1646.31200054
804,849.0,64.3868066456,-17.3866600656,1646.20811537
805,850.0,64.3868398964,-17.3866934854,1646.10382298
806,851.0,64.3868744077,-17.3867287219,1645.99930365
807,852.0,64.3869101544,-17.3868091644,1645.89471683
808,853.0,64.3869471028,-17.3869726822,1645.79020212
809,854.0,64.3869852104,-17.3872225341,1645.6858802
810,855.0,64.3870244241,-17.387525662,1645.58185386
811,856.0,64.3870646806,-17.3878340801,1645.4782089
812,857.0,64.3871059046,-17.3881088476,1645.37501518
813,858.0,64.3871480087,-17.3883437814,1645.27232751
814,859.0,64.3871908926,-17.3885754607,1645.17018671
815,860.0,64.387234442,-17.3888417108,1645.06862049
816,861.0,64.3872785282,-17.3891181127,1644.96764449
817,862.0,64.3873230089,-17.3893210385,1644.86726321
818,863.0,64.387367731,-17.3893916479,1644.76747103
819,864.0,64.3874125332,-17.389358891,1644.66825311
820,865.0,64.387457249,-17.3893126402,1644.56958643
821,866.0,64.3875017098,-17.3893415241,1644.47144071
822,867.0,64.3875457476,-17.3894804406,1644.37377941
823,868.0,64.3875891978,-17.3897074967,1644.27656071
824,869.0,64.3876319025,-17.3899742864,1644.17973844
825,870.0,64.387673713,-17.3902371084,1644.0832631
826,871.0,64.3877144951,-17.3904724451,1643.98708279
827,872.0,64.3877541345,-17.3906744996,1643.89114422
828,873.0,64.387792544,-17.3908497716,1643.79539363
829,874.0,64.3878296694,-17.3910116142,1643.69977783
830,875.0,64.3878654964,-17.3911747904,1643.6042451
831,876.0,64.3879000569,-17.3913500637,1643.50874621
832,877.0,64.3879334357,-17.3915402208,1643.41323538
833,878.0,64.3879657766,-17.3917408955,1643.31767124
834,879.0,64.3879972891,-17.3919438732,1643.22201782
835,880.0,64.3880282531,-17.3921403045,1643.12624537
836,881.0,64.3880590114,-17.3923224919,1643.03033061
837,882.0,64.3880899517,-17.3924844249,1642.93425629
838,883.0,64.3881214879,-17.3926221655,1642.83801072
839,884.0,64.3881540414,-17.3927342337,1642.74158734
840,885.0,64.3881880213,-17.3928219918,1642.6449842
841,886.0,64.3882238062,-17.3928900119,1642.54820356
842,887.0,64.3882617246,-17.3929459676,1642.45125135
843,888.0,64.3883020365,-17.392999321,1642.35413675
844,889.0,64.3883449138,-17.3930595353,1642.2568717
845,890.0,64.3883904219,-17.3931343949,1642.15947046
846,891.0,64.3884385001,-17.3932292191,1642.0619491
847,892.0,64.3884889432,-17.393346969,1641.96432507
848,893.0,64.3885413819,-17.3934884799,1641.86661672
849,894.0,64.3885952645,-17.3936526947,1641.76884282
850,895.0,64.3886498373,-17.3938368973,1641.6710221
851,896.0,64.3887041258,-17.3940369457,1641.57317281
852,897.0,64.388756916,-17.3942475267,1641.4753122
853,898.0,64.3888067349,-17.3944625641,1641.37745609
854,899.0,64.3888518319,-17.394675779,1641.27961841
855,900.0,64.3888901699,-17.3948812678,1641.18181068
856,901.0,64.3889196819,-17.395073982,1641.08404161
857,902.0,64.3889392011,-17.395249954,1640.98631659
858,903.0,64.3889496559,-17.3954064252,1640.88863722
859,904.0,64.3889550533,-17.3955419689,1640.79100088
860,905.0,64.3889618928,-17.3956566143,1640.6934002
861,906.0,64.3889770098,-17.3957519699,1640.59582267
862,907.0,64.3890052292,-17.3958313469,1640.49825011
863,908.0,64.3890478255,-17.3958998827,1640.40065822
864,909.0,64.3891030332,-17.3959646648,1640.30301614
865,910.0,64.3891673651,-17.3960348537,1640.20528593
866,911.0,64.3892369361,-17.3961217211,1640.10742216
867,912.0,64.3893083789,-17.3962373071,1640.0093714
868,913.0,64.3893790056,-17.3963905221,1639.91107176
869,914.0,64.3894467535,-17.3965825239,1639.81245245
870,915.0,64.3895101273,-17.3968025779,1639.71343326
871,916.0,64.3895681405,-17.3970291584,1639.61392416
872,917.0,64.3896202572,-17.3972381659,1639.51382477
873,918.0,64.3896663342,-17.3974125794,1639.41302394
874,919.0,64.3897065619,-17.3975509356,1639.31139924
875,920.0,64.3897414067,-17.3976673702,1639.20881652
876,921.0,64.3897715526,-17.3977832234,1639.10512945
877,922.0,64.3897978428,-17.3979174705,1639.00017903
878,923.0,64.3898212234,-17.3980784907,1638.89379359
879,924.0,64.3898426986,-17.3982624752,1638.78579111
880,925.0,64.3898632931,-17.3984567248,1638.6759831
881,926.0,64.389884015,-17.3986434141,1638.56417873
882,927.0,64.3899058199,-17.3988033555,1638.45018895
883,928.0,64.3899295736,-17.3989197636,1638.3338306
884,929.0,64.3899560161,-17.3989820201,1638.21493049
885,930.0,64.3899857242,-17.3989894092,1638.09332951
886,931.0,64.3900190756,-17.3989541208,1637.96888677
887,932.0,64.3900562116,-17.398902391,1637.84148365
888,933.0,64.3900970024,-17.3988744867,1637.71102797
889,934.0,64.3901410416,-17.3989167219,1637.57745804
890,935.0,64.3901877004,-17.3990571672,1637.44074679
891,936.0,64.3902362021,-17.3992780028,1637.3009059
892,937.0,64.3902856963,-17.3995130065,1637.15798985
893,938.0,64.3903353337,-17.399687193,1637.01210008
894,939.0,64.3903843398,-17.399764254,1636.86338906
895,940.0,64.3904320905,-17.3997635614,1636.71206442
896,941.0,64.3904781855,-17.3997355897,1636.55839303
897,942.0,64.3905225168,-17.399730693,1636.40270241
898,943.0,64.3905652817,-17.3997820259,1636.24536019
899,944.0,64.3906069375,-17.399904222,1636.08672947
900,945.0,64.3906481449,-17.4000945862,1635.92712021
901,946.0,64.3906897128,-17.4003343015,1635.76674065
902,947.0,64.3907325421,-17.4005896739,1635.60564875
903,948.0,64.3907775704,-17.4008169021,1635.44370357
904,949.0,64.390825716,-17.4009842663,1635.28051669
905,950.0,64.3908778218,-17.4011068069,1635.11540403
906,951.0,64.3909346,-17.4012630208,1634.94735938
907,952.0,64.3909965763,-17.4015360498,1634.77511352
908,953.0,64.3910640338,-17.4019111314,1634.5972446
909,954.0,64.3911369573,-17.4022271578,1634.41229227
910,955.0,64.3912149779,-17.4023089651,1634.21887172
911,956.0,64.3912973167,-17.4021812984,1634.0157878
912,957.0,64.3913827293,-17.4021234452,1633.80214914
913,958.0,64.391469455,-17.4023204537,1633.57747982
914,959.0,64.3915552624,-17.4026132039,1633.34178384
915,960.0,64.3916377064,-17.4027971225,1633.09550688
916,961.0,64.3917144544,-17.4028834676,1632.83946371
917,962.0,64.3917836161,-17.402953497,1632.57476464
918,963.0,64.3918440717,-17.40301512,1632.30274189
919,964.0,64.3918957779,-17.4030472307,1632.02487601
920,965.0,64.3919398291,-17.4030509914,1631.74272229
921,966.0,64.3919781866,-17.4030479382,1631.45783717
922,967.0,64.3920133415,-17.4030671798,1631.17170466
923,968.0,64.3920479757,-17.4031324769,1630.88566272
924,969.0,64.392084624,-17.4032493449,1630.60082975
925,970.0,64.3921253673,-17.4033954074,1630.31803998
926,971.0,64.3921717114,-17.4035299468,1630.03783134
927,972.0,64.3922246253,-17.4036199316,1629.76047854
928,973.0,64.3922845976,-17.4036677368,1629.48603131
929,974.0,64.3923516935,-17.4037245926,1629.21435272
930,975.0,64.3924256116,-17.4038450949,1628.94515745
931,976.0,64.3925057401,-17.4040247014,1628.67805008
932,977.0,64.3925912143,-17.4042063474,1628.4125634
933,978.0,64.3926809728,-17.4043259863,1628.14819667
934,979.0,64.3927738142,-17.404359629,1627.88445394
935,980.0,64.3928684543,-17.40434651,1627.62088232
936,981.0,64.3929635823,-17.4043517385,1627.35711022
937,982.0,64.3930579174,-17.4044132304,1627.09288065
938,983.0,64.3931502612,-17.4045280316,1626.82806009
939,984.0,64.3932395494,-17.40466833,1626.56262932
940,985.0,64.3933249015,-17.4048002988,1626.29667265
941,986.0,64.3934056721,-17.4049026209,1626.03036703
942,987.0,64.3934815009,-17.4049766824,1625.7639712
943,988.0,64.3935523636,-17.4050356434,1625.49781486
944,989.0,64.3936186048,-17.4050877549,1625.23228785
945,990.0,64.3936808868,-17.4051320956,1624.96782927
946,991.0,64.3937400754,-17.405163694,1624.70491663
947,992.0,64.3937971201,-17.4051795436,1624.44405506
948,993.0,64.393852934,-17.4051844526,1624.1857664
949,994.0,64.3939082742,-17.4051925386,1623.9305784
950,995.0,64.393963622,-17.4052176981,1623.67901387
951,996.0,64.3940190946,-17.4052624057,1623.43158001
952,997.0,64.3940745094,-17.4053196184,1623.18875878
953,998.0,64.3941295623,-17.4053835569,1622.95099785
954,999.0,64.3941840157,-17.4054520112,1622.71870177
955,1000.0,64.3942378777,-17.4055161201,1622.49222302
956,1001.0,64.3942913266,-17.4055539876,1622.27185311
957,1002.0,64.3943439917,-17.4055405728,1622.05781371
958,1003.0,64.39439398,-17.405464,1621.85024768
959,1004.0,64.3944369368,-17.4053416573,1621.64921022
960,1005.0,64.394466236,-17.4052243294,1621.45465997
961,1006.0,64.39447604,-17.40516996,1621.26645004
962,1007.0,64.3944654179,-17.4052060568,1621.08431917
963,1008.0,64.3944406624,-17.4053074154,1620.9078828
964,1009.0,64.3944129206,-17.4054138995,1620.73662416
965,1010.0,64.39439398,-17.405464,1620.5698854
966,1011.0,64.3943920334,-17.4054284488,1620.40685861
967,1012.0,64.3944087548,-17.4053294695,1620.24657699
968,1013.0,64.3944397038,-17.4052235681,1620.08790592
969,1014.0,64.39447604,-17.40516996,1619.92953403
970,1015.0,64.3945063054,-17.405198945,1619.76996551
971,1016.0,64.3945186244,-17.4052932889,1619.60754242
972,1017.0,64.3945039691,-17.4054026208,1619.44054363
973,1018.0,64.3944598428,-17.4054708359,1619.2673138
974,1019.0,64.39439398,-17.405464,1619.08639355
975,1020.0,64.3943277538,-17.4053972932,1618.89664959
976,1021.0,64.39429197,-17.40533701,1618.69740497
977,1022.0,64.3943037998,-17.4053403638,1618.48856586
978,1023.0,64.3943481285,-17.4053996113,1618.27066329
979,1024.0,64.3943891482,-17.4054595035,1618.04467831
980,1025.0,64.39439398,-17.405464,1617.8117821
981,1026.0,64.3943562635,-17.4054031201,1617.5730752
982,1027.0,64.3943068748,-17.4053340626,1617.3293951
983,1028.0,64.39429197,-17.40533701,1617.08129652
984,1029.0,64.3943386973,-17.4054464149,1616.82909994
985,1030.0,64.3944344805,-17.4056128507,1616.57294273
986,1031.0,64.3945420068,-17.4057449587,1616.31283027
987,1032.0,64.3946279095,-17.4057818307,1616.048687
988,1033.0,64.3946823404,-17.4057375506,1615.78040763
989,1034.0,64.3947140445,-17.4056719869,1615.50790817
990,1035.0,64.3947364789,-17.4056358327,1615.23117427
991,1036.0,64.3947597676,-17.4056440262,1614.95028436
992,1037.0,64.3947901145,-17.4056846048,1614.66540257
993,1038.0,64.3948305238,-17.4057337793,1614.37676639
994,1039.0,64.394881532,-17.4057710565,1614.08467427
995,1040.0,64.3949419392,-17.4057935089,1613.78947319
996,1041.0,64.3950095406,-17.4058174785,1613.49154626
997,1042.0,64.3950818573,-17.4058584738,1613.19130036
998,1043.0,64.3951567969,-17.4059098773,1612.88915368
999,1044.0,64.3952329128,-17.4059478572,1612.58552334
1000,1045.0,64.3953093297,-17.4059577405,1612.28081298
1001,1046.0,64.3953856317,-17.405951129,1611.97540039
1002,1047.0,64.3954617501,-17.4059533024,1611.66962504
1003,1048.0,64.3955378517,-17.405980529,1611.36377575
1004,1049.0,64.3956142266,-17.4060313716,1611.05807822
1005,1050.0,64.3956911763,-17.4060953059,1610.75268274
1006,1051.0,64.3957689204,-17.4061626098,1610.44765543
1007,1052.0,64.3958475683,-17.4062275932,1610.14298302
1008,1053.0,64.3959271304,-17.4062879858,1609.83858535
1009,1054.0,64.3960075311,-17.4063440621,1609.53432847
1010,1055.0,64.3960886222,-17.4063977686,1609.23003768
1011,1056.0,64.396170196,-17.4064518486,1608.9255106
1012,1057.0,64.3962519988,-17.4065089691,1608.62053023
1013,1058.0,64.3963337442,-17.4065708572,1608.31487798
1014,1059.0,64.396415126,-17.4066377251,1608.0083468
1015,1060.0,64.3964958319,-17.4067084248,1607.70075418
1016,1061.0,64.3965755565,-17.4067808901,1607.39195523
1017,1062.0,64.3966540148,-17.4068525903,1607.08185576
1018,1063.0,64.3967309552,-17.4069209832,1606.77042531
1019,1064.0,64.3968061729,-17.406983969,1606.45771022
1020,1065.0,64.3968795233,-17.407040343,1606.14384673
1021,1066.0,64.3969509351,-17.4070902468,1605.82907392
1022,1067.0,64.3970204203,-17.4071354586,1605.51374292
1023,1068.0,64.3970880722,-17.4071790162,1605.19831023
1024,1069.0,64.3971540542,-17.4072244179,1604.88332092
1025,1070.0,64.397218589,-17.4072747919,1604.56939117
1026,1071.0,64.3972819474,-17.4073320645,1604.25719074
1027,1072.0,64.3973444371,-17.4073961841,1603.94742543
1028,1073.0,64.3974063915,-17.4074650522,1603.64081961
1029,1074.0,64.3974681585,-17.4075355749,1603.33809866
1030,1075.0,64.3975300895,-17.4076048943,1603.03997148
1031,1076.0,64.3975925279,-17.4076709895,1602.74711297
1032,1077.0,64.3976557982,-17.4077326425,1602.46014653
1033,1078.0,64.3977201948,-17.4077893143,1602.17962651
1034,1079.0,64.3977859709,-17.4078410212,1601.90602073
1035,1080.0,64.397853327,-17.4078882108,1601.63969293
1036,1081.0,64.3979223999,-17.4079316378,1601.38088532
1037,1082.0,64.3979932519,-17.4079722405,1601.12970097
1038,1083.0,64.398065859,-17.4080110162,1600.88608637
1039,1084.0,64.3981401002,-17.4080488983,1600.64981404
1040,1085.0,64.3982157517,-17.4080866535,1600.42047122
1041,1086.0,64.3982924999,-17.4081248548,1600.19747021
1042,1087.0,64.398369964,-17.4081638941,1599.98007021
1043,1088.0,64.3984477202,-17.4082039976,1599.76740001
1044,1089.0,64.3985253245,-17.4082452414,1599.55848055
1045,1090.0,64.3986023371,-17.4082875667,1599.35224758
1046,1091.0,64.3986783455,-17.4083307954,1599.1475743
1047,1092.0,64.3987529883,-17.4083746454,1598.94329397
1048,1093.0,64.3988259784,-17.408418746,1598.73822251
1049,1094.0,64.3988971275,-17.4084626534,1598.53118119
1050,1095.0,64.3989663685,-17.408505866,1598.32101919
1051,1096.0,64.3990337801,-17.4085478398,1598.10663626
1052,1097.0,64.3990996077,-17.408588004,1597.88700536
1053,1098.0,64.3991642615,-17.4086257763,1597.66119525
1054,1099.0,64.3992282829,-17.4086605782,1597.42839314
1055,1100.0,64.399292305,-17.4086918505,1597.18792731
1056,1101.0,64.3993570119,-17.4087190688,1596.93928973
1057,1102.0,64.399423099,-17.4087417587,1596.68215871
1058,1103.0,64.3994912331,-17.4087595114,1596.4164215
1059,1104.0,64.3995620124,-17.4087719992,1596.14219692
1060,1105.0,64.399635926,-17.4087789905,1595.85985799
1061,1106.0,64.3997133144,-17.4087803656,1595.57005458
1062,1107.0,64.3997943294,-17.4087761319,1595.27373599
1063,1108.0,64.3998788937,-17.4087664396,1594.97217351
1064,1109.0,64.3999666674,-17.4087515927,1594.66696718
1065,1110.0,64.4000570495,-17.4087320383,1594.35995704
1066,1111.0,64.4001492114,-17.408708335,1594.05305074
1067,1112.0,64.4002421339,-17.4086811193,1593.74804095
1068,1113.0,64.4003346446,-17.4086510713,1593.44642293
1069,1114.0,64.4004254547,-17.4086188818,1593.14921192
1070,1115.0,64.4005131964,-17.4085852175,1592.85676071
1071,1116.0,64.4005964599,-17.4085506883,1592.56857705
1072,1117.0,64.4006738306,-17.4085158125,1592.28314115
1073,1118.0,64.4007439262,-17.408480984,1591.99772323
1074,1119.0,64.4008054441,-17.4084464375,1591.70829515
1075,1120.0,64.4008573295,-17.4084122158,1591.41055276
1076,1121.0,64.4008991217,-17.4083781351,1591.10258511
1077,1122.0,64.4009313417,-17.4083437518,1590.78791138
1078,1123.0,64.4009558783,-17.4083083285,1590.47852285
1079,1124.0,64.4009763767,-17.4082708003,1590.19792492
1080,1125.0,64.4009986244,-17.408229741,1589.98413103
1081,1126.0,64.4010309397,-17.4081833293,1589.87318985
1082,1127.0,64.4010845581,-17.4081293151,1589.72003093
1083,1128.0,64.40117402,-17.4080649856,1588.83388704
1084,1129.0,64.4013154134,-17.407715643,1586.05394222
1085,1130.0,64.4014750954,-17.407373948,1582.96239557
1086,1131.0,64.4015380676,-17.4073814022,1580.05682654
1087,1132.0,64.4014967615,-17.4073562362,1577.17155568
1088,1133.0,64.401434809,-17.4073648347,1574.22197417
1089,1134.0,64.4014086987,-17.4071120985,1571.22679192
1090,1135.0,64.4014248717,-17.4071173256,1568.20058804
1091,1136.0,64.4014615996,-17.4073577902,1565.15135161
1092,1137.0,64.401492794,-17.4073576511,1562.08414752
1093,1138.0,64.401506391,-17.4073497271,1559.00393566
1094,1139.0,64.4015052363,-17.4073980503,1555.91565882
1095,1140.0,64.4014992562,-17.407385081,1552.82297078
1096,1141.0,64.401497202,-17.4074029624,1549.72690711
1097,1142.0,64.4015009797,-17.4074521017,1546.62542188
1098,1143.0,64.4015094055,-17.4074385832,1543.51608035
1099,1144.0,64.4015272295,-17.407333542,1540.40051574
1100,1145.0,64.4015743661,-17.407201748,1537.28892491
1101,1146.0,64.4016866503,-17.4070461005,1534.19983643
1102,1147.0,64.4018818351,-17.4067062838,1531.14036431
1103,1148.0,64.4021195438,-17.4064939204,1528.07422927
1104,1149.0,64.4023292201,-17.4059752041,1524.90053558
1105,1150.0,64.4024729636,-17.4058059789,1522.25410089
1106,1151.0,64.4025585498,-17.4056192213,1521.10627606
1107,1152.0,64.4026147824,-17.4054577813,1520.36850608
1108,1153.0,64.402666236,-17.4053147265,1519.71866805
1109,1154.0,64.4027237414,-17.4051684874,1519.05348554
1110,1155.0,64.4027879793,-17.4050102199,1518.34497985
1111,1156.0,64.4028545394,-17.4048406263,1517.60627879
1112,1157.0,64.4029187257,-17.4046667167,1516.85928955
1113,1158.0,64.4029780526,-17.4044985718,1516.11714686
1114,1159.0,64.4030319707,-17.404346104,1515.38440774
1115,1160.0,64.403081105,-17.4042158204,1514.66036229
1116,1161.0,64.4031265061,-17.4041077294,1513.94229814
1117,1162.0,64.4031691394,-17.4040143904,1513.22772904
1118,1163.0,64.4032097874,-17.4039236858,1512.5148224
1119,1164.0,64.4032490627,-17.4038225834,1511.80234788
1120,1165.0,64.403287423,-17.4037009184,1511.08961666
1121,1166.0,64.4033251857,-17.4035551684,1510.37642066
1122,1167.0,64.4033625429,-17.4033914024,1509.66297185
1123,1168.0,64.4033995766,-17.4032235211,1508.94984152
1124,1169.0,64.403436273,-17.4030675784,1508.23789951
1125,1170.0,64.4034725381,-17.4029356645,1507.52825355
1126,1171.0,64.4035082118,-17.4028302762,1506.82218843
1127,1172.0,64.4035430835,-17.4027430442,1506.12110538
1128,1173.0,64.4035769067,-17.4026586943,1505.42646123
1129,1174.0,64.4036094138,-17.4025599271,1504.73970778
1130,1175.0,64.4036403311,-17.4024327099,1504.06223098
1131,1176.0,64.4036693938,-17.4022775213,1503.39529026
1132,1177.0,64.4036963606,-17.4021309116,1502.73995778
1133,1178.0,64.4037210289,-17.4020720087,1502.09705769
1134,1179.0,64.4037432494,-17.4020794248,1501.4671062
1135,1180.0,64.4037629363,-17.4019430861,1500.85027228
1136,1181.0,64.4037800667,-17.4017044804,1500.24639074
1137,1182.0,64.4037946752,-17.4016440886,1499.65499592
1138,1183.0,64.4038068484,-17.4015319282,1499.07535623
1139,1184.0,64.4038167195,-17.401029984,1498.50650864
1140,1185.0,64.4038244632,-17.4005690156,1497.94729319
1141,1186.0,64.4038302896,-17.4005250611,1497.39638748
1142,1187.0,64.4038344396,-17.4005387731,1496.8523412
1143,1188.0,64.4038371787,-17.4003158289,1496.31361063
1144,1189.0,64.4038387921,-17.3999821428,1495.77859315
1145,1190.0,64.403839579,-17.3997268562,1495.24566172
1146,1191.0,64.4038398474,-17.3996261463,1494.71319942
1147,1192.0,64.4038399083,-17.3996168543,1494.17963396
1148,1193.0,64.4038400709,-17.3995065543,1493.64347212
1149,1194.0,64.4038406364,-17.399192614,1493.10333437
1150,1195.0,64.4038418932,-17.3989052498,1492.55798927
1151,1196.0,64.4038441111,-17.3987050331,1492.00638804
1152,1197.0,64.4038475361,-17.3982179852,1491.44769902
1153,1198.0,64.4038523848,-17.3977397476,1490.88134224
1154,1199.0,64.4038588391,-17.397997069,1490.30702378
1155,1200.0,64.4038670417,-17.398328986,1489.72476285
1156,1201.0,64.4038770959,-17.3978813972,1489.13488443
1157,1202.0,64.4038890682,-17.3974530908,1488.53798768
1158,1203.0,64.4039029917,-17.3974867242,1487.93491223
1159,1204.0,64.4039188691,-17.3974959537,1487.32670442
1160,1205.0,64.4039366756,-17.3973762067,1486.71458358
1161,1206.0,64.4039563621,-17.3971332933,1486.09990828
1162,1207.0,64.4039778584,-17.3967541258,1485.48414262
1163,1208.0,64.404001076,-17.3963856032,1484.86882227
1164,1209.0,64.4040259116,-17.3961456201,1484.25550862
1165,1210.0,64.4040522498,-17.3960364642,1483.64569637
1166,1211.0,64.4040799662,-17.395991171,1483.04069302
1167,1212.0,64.404108931,-17.3959295965,1482.44149638
1168,1213.0,64.4041390112,-17.3958100597,1481.84867217
1169,1214.0,64.4041700744,-17.395645288,1481.26223146
1170,1215.0,64.4042019919,-17.3954788405,1480.68150825
1171,1216.0,64.404234641,-17.3953552319,1480.10503696
1172,1217.0,64.4042679091,-17.3952908776,1479.53044653
1173,1218.0,64.404301695,-17.3952611491,1478.95466486
1174,1219.0,64.4043359089,-17.3952205249,1478.37476081
1175,1220.0,64.4043704724,-17.3951332468,1477.78898861
1176,1221.0,64.4044053172,-17.3950035927,1477.19783769
1177,1222.0,64.4044403849,-17.3948687821,1476.60508245
1178,1223.0,64.4044756259,-17.3946764778,1476.01883211
1179,1224.0,64.4045109994,-17.3943980179,1475.45258052
1180,1225.0,64.4045464721,-17.3942855357,1474.92625091
1181,1226.0,64.404582018,-17.3943770025,1474.46544858
1182,1227.0,64.4046176175,-17.3943712123,1474.08673368
1183,1228.0,64.4046532568,-17.3941567587,1473.77876697
1184,1229.0,64.4046889276,-17.3938513665,1473.51100068
1185,1230.0,64.4047246259,-17.3935957136,1473.25376394
1186,1231.0,64.4047603517,-17.3934213931,1472.9911607
1187,1232.0,64.4047961083,-17.393281025,1472.71917933
1188,1233.0,64.4048319016,-17.3931237926,1472.43956575
1189,1234.0,64.4048677397,-17.3929376934,1472.15562899
1190,1235.0,64.4049036317,-17.3927407278,1471.87106813
1191,1236.0,64.4049395876,-17.3925606808,1471.58947407
1192,1237.0,64.4049756176,-17.392414749,1471.31384053
1193,1238.0,64.4050117311,-17.3922892224,1471.04607508
1194,1239.0,64.4050479364,-17.3921274577,1470.78651006
1195,1240.0,64.4050842398,-17.3918680922,1470.53341361
1196,1241.0,64.4051206454,-17.3915268697,1470.28250352
1197,1242.0,64.4051571537,-17.3912493871,1470.02667321
1198,1243.0,64.4051937608,-17.3912100679,1469.75666733
1199,1244.0,64.4052304568,-17.3914099222,1469.46239779
1200,1245.0,64.4052672239,-17.3915708236,1469.13431413
1201,1246.0,64.4053040352,-17.3913829867,1468.76477388
1202,1247.0,64.4053408527,-17.3909185776,1468.34941297
1203,1248.0,64.4053776259,-17.3906307092,1467.88851385
1204,1249.0,64.4054142901,-17.3905088873,1467.38805609
1205,1250.0,64.4054507649,-17.3902037914,1466.85887328
1206,1251.0,64.4054869524,-17.3897949533,1466.31417154
1207,1252.0,64.4055227357,-17.3896021762,1465.7668553
1208,1253.0,64.4055579779,-17.3896681675,1465.22696701
1209,1254.0,64.4055925238,-17.3896394407,1464.70037784
1210,1255.0,64.4056262079,-17.3892615809,1464.18923297
1211,1256.0,64.4056588628,-17.3888604634,1463.69276504
1212,1257.0,64.4056903278,-17.3887860066,1463.20811202
1213,1258.0,64.4057204574,-17.3886767892,1462.73113502
1214,1259.0,64.4057491298,-17.3884343266,1462.25723614
1215,1260.0,64.4057762556,-17.3883049551,1461.78217632
1216,1261.0,64.4058017861,-17.3882555212,1461.3028901
1217,1262.0,64.4058257205,-17.3881806097,1460.81813476
1218,1263.0,64.4058481042,-17.3880580741,1460.32850342
1219,1264.0,64.4058690252,-17.3879180191,1459.8360651
1220,1265.0,64.4058886077,-17.3877984277,1459.34397862
1221,1266.0,64.4059070077,-17.3877060547,1458.85610663
1222,1267.0,64.4059244075,-17.387612578,1458.37662949
1223,1268.0,64.4059410106,-17.3874843486,1457.9096593
1224,1269.0,64.4059570362,-17.3873165994,1457.45885379
1225,1270.0,64.4059727144,-17.3871628159,1457.02704365
1226,1271.0,64.4059882809,-17.3871040489,1456.61602602
1227,1272.0,64.4060039715,-17.3871510251,1456.22661511
1228,1273.0,64.4060200173,-17.3872210365,1455.85875282
1229,1274.0,64.4060366392,-17.3872042406,1455.51162077
1230,1275.0,64.4060540429,-17.3870486611,1455.18376185
1231,1276.0,64.4060724135,-17.3867694522,1454.87322607
1232,1277.0,64.4060919106,-17.3864251595,1454.57772607
1233,1278.0,64.4061126627,-17.3860927084,1454.29479298
1234,1279.0,64.4061347624,-17.3858423932,1454.02193223
1235,1280.0,64.4061582609,-17.3857128659,1453.7567794
1236,1281.0,64.4061831631,-17.3856877609,1453.49725243
1237,1282.0,64.406209426,-17.3856975964,1453.24164693
1238,1283.0,64.4062369632,-17.385666769,1452.98862942
1239,1284.0,64.4062656509,-17.385560311,1452.73720231
1240,1285.0,64.4062953339,-17.3853921844,1452.48666832
1241,1286.0,64.4063258319,-17.385212428,1452.23659493
1242,1287.0,64.4063569457,-17.3850775071,1451.98677879
1243,1288.0,64.406388463,-17.3850108539,1451.73721012
1244,1289.0,64.4064201648,-17.3849871358,1451.48803718
1245,1290.0,64.4064518314,-17.3849486186,1451.23953066
1246,1291.0,64.4064832485,-17.384827622,1450.9920481
1247,1292.0,64.4065142136,-17.3845691162,1450.74599835
1248,1293.0,64.4065445415,-17.3841574323,1450.50180595
1249,1294.0,64.4065740712,-17.3836577582,1450.2598756
1250,1295.0,64.4066026708,-17.3832449474,1450.02055946
1251,1296.0,64.4066302393,-17.3830983323,1449.78414287
1252,1297.0,64.4066567044,-17.3831892394,1449.55084704
1253,1298.0,64.4066820201,-17.3832539655,1449.32083389
1254,1299.0,64.4067061638,-17.3830674963,1449.09421084
1255,1300.0,64.4067291342,-17.3826643131,1448.87103571
1256,1301.0,64.4067509483,-17.3822479588,1448.6513215
1257,1302.0,64.406771639,-17.3819873699,1448.43504125
1258,1303.0,64.4067912527,-17.3819110385,1448.22213288
1259,1304.0,64.4068098465,-17.3819404254,1448.01250403
1260,1305.0,64.4068274855,-17.3819515438,1447.80603686
1261,1306.0,64.4068442408,-17.3818368511,1447.60259293
1262,1307.0,64.4068601863,-17.3815657658,1447.40201802
1263,1308.0,64.4068753966,-17.381209451,1447.20414695
1264,1309.0,64.4068899439,-17.3808748978,1447.00880843
1265,1310.0,64.4069038963,-17.3806100412,1446.81582976
1266,1311.0,64.4069173157,-17.3803784841,1446.62503985
1267,1312.0,64.406930258,-17.380130401,1446.43627013
1268,1313.0,64.4069427734,-17.3798752406,1446.24935495
1269,1314.0,64.4069549068,-17.3796671505,1446.06413201
1270,1315.0,64.4069666979,-17.3795276027,1445.88044279
1271,1316.0,64.4069781813,-17.3794044585,1445.69813294
1272,1317.0,64.4069893873,-17.3792391105,1445.51705273
1273,1318.0,64.4070003416,-17.3790661392,1445.33705746
1274,1319.0,64.4070110661,-17.3790089925,1445.15800787
1275,1320.0,64.4070215787,-17.3791327345,1444.97977058
1276,1321.0,64.4070318939,-17.3793104264,1444.80221849
1277,1322.0,64.4070420228,-17.3792999703,1444.6252312
1278,1323.0,64.4070519737,-17.3789721108,1444.44869547
1279,1324.0,64.4070617522,-17.378447039,1444.27250558
1280,1325.0,64.4070713613,-17.3779614847,1444.09656377
1281,1326.0,64.4070808021,-17.3776493176,1443.92078071
1282,1327.0,64.4070900737,-17.3774768015,1443.74507583
1283,1328.0,64.4070991735,-17.3773527231,1443.56937782
1284,1329.0,64.4071080978,-17.3772342462,1443.39362502
1285,1330.0,64.4071168416,-17.3771312096,1443.21776581
1286,1331.0,64.4071253994,-17.3770625018,1443.04175909
1287,1332.0,64.4071337649,-17.3770265752,1442.86557464
1288,1333.0,64.4071419318,-17.3769948887,1442.68919359
1289,1334.0,64.4071498938,-17.3769182085,1442.51260881
1290,1335.0,64.4071576448,-17.3767653947,1442.33582534
1291,1336.0,64.4071651793,-17.3765770547,1442.15886081
1292,1337.0,64.4071724929,-17.3764569644,1441.98174584
1293,1338.0,64.4071795821,-17.3764577677,1441.80452451
1294,1339.0,64.4071864449,-17.3764768583,1441.62725471
1295,1340.0,64.4071930809,-17.3763355389,1441.45000864
1296,1341.0,64.4071994917,-17.3759864436,1441.27287313
1297,1342.0,64.4072056811,-17.3756010917,1441.0959496
1298,1343.0,64.407211655,-17.3753849625,1440.91935298
1299,1344.0,64.4072174208,-17.3753448843,1440.74321034
1300,1345.0,64.4072229881,-17.3752980307,1440.56765947
1301,1346.0,64.4072283679,-17.3750975278,1440.39284755
1302,1347.0,64.4072335726,-17.3747887985,1440.2189297
1303,1348.0,64.4072386161,-17.3745208916,1440.04606764
1304,1349.0,64.4072435134,-17.3743818562,1439.87442827
1305,1350.0,64.4072482804,-17.3743480817,1439.7041823
1306,1351.0,64.407252934,-17.3743316135,1439.53550287
1307,1352.0,64.4072574919,-17.3742384319,1439.36856414
1308,1353.0,64.4072619722,-17.3740263042,1439.20353991
1309,1354.0,64.4072663935,-17.3737394217,1439.04060224
1310,1355.0,64.4072707749,-17.3734557859,1438.87992006
1311,1356.0,64.4072751353,-17.3731942001,1438.72165777
1312,1357.0,64.407279494,-17.372905496,1438.56597387
1313,1358.0,64.4072838699,-17.3725671617,1438.41301958
1314,1359.0,64.4072882816,-17.372247866,1438.2629374
1315,1360.0,64.4072927474,-17.3720488814,1438.1158598
1316,1361.0,64.407297285,-17.3720083548,1437.97190776
1317,1362.0,64.4073019114,-17.37206883,1437.83118943
1318,1363.0,64.4073066426,-17.37210123,1437.69379873
1319,1364.0,64.4073114937,-17.371967935,1437.55981394
1320,1365.0,64.4073164788,-17.3716422019,1437.42929635
1321,1366.0,64.4073216103,-17.3712867991,1437.30228885
1322,1367.0,64.4073268996,-17.3711222369,1437.17881454
1323,1368.0,64.4073323561,-17.3711955845,1437.05887536
1324,1369.0,64.4073379878,-17.3713359889,1436.94245067
1325,1370.0,64.4073438007,-17.3713417968,1436.82949592
1326,1371.0,64.4073497987,-17.3711428769,1436.71994209
1327,1372.0,64.4073559839,-17.3707959544,1436.61369706
1328,1373.0,64.4073623566,-17.3704140366,1436.5106478
1329,1374.0,64.4073689153,-17.3700941851,1436.41066265
1330,1375.0,64.4073756567,-17.3698682117,1436.31359348
1331,1376.0,64.4073825762,-17.3697115631,1436.21927794
1332,1377.0,64.4073896673,-17.3695751287,1436.12754167
1333,1378.0,64.4073969226,-17.3694175159,1436.03820053
1334,1379.0,64.4074043331,-17.3692265441,1435.95106285
1335,1380.0,64.4074118885,-17.3690133729,1435.86593158
1336,1381.0,64.4074195776,-17.3687958488,1435.78260658
1337,1382.0,64.4074273881,-17.3685817349,1435.70088682
1338,1383.0,64.4074353067,-17.3683596576,1435.62057257
1339,1384.0,64.4074433194,-17.3681096435,1435.5414677
1340,1385.0,64.4074514111,-17.3678213748,1435.4633818
1341,1386.0,64.4074595663,-17.3675123131,1435.3861325
1342,1387.0,64.407467769,-17.3672347157,1435.30954761
1343,1388.0,64.4074760024,-17.3670544534,1435.2334674
1344,1389.0,64.4074842495,-17.3670187212,1435.1577468
1345,1390.0,64.4074924929,-17.3671239735,1435.08225762
1346,1391.0,64.4075007152,-17.3673008417,1435.00689076
1347,1392.0,64.4075088985,-17.3674421577,1434.93155848
1348,1393.0,64.4075170252,-17.3674479593,1434.85619655
1349,1394.0,64.4075250775,-17.3672704063,1434.7807665
1350,1395.0,64.4075330377,-17.3669394025,1434.70525675
1351,1396.0,64.4075408887,-17.3665392395,1434.62968125
1352,1397.0,64.4075486134,-17.3661659472,1434.55407703
1353,1398.0,64.4075561951,-17.365884507,1434.47850182
1354,1399.0,64.4075636178,-17.3657018332,1434.40303157
1355,1400.0,64.4075708658,-17.3655797737,1434.327758
1356,1401.0,64.4075779244,-17.3654638788,1434.2527862
1357,1402.0,64.4075847795,-17.3653123886,1434.17823216
1358,1403.0,64.4075914178,-17.3651151755,1434.10422033
1359,1404.0,64.4075978271,-17.3648871867,1434.03088119
1360,1405.0,64.4076039961,-17.3646518407,1433.9583488
1361,1406.0,64.4076099147,-17.3644242991,1433.88675835
1362,1407.0,64.407615574,-17.3642015327,1433.81624376
1363,1408.0,64.4076209665,-17.3639696345,1433.74693518
1364,1409.0,64.4076260859,-17.3637179273,1433.67895661
1365,1410.0,64.4076309276,-17.3634530501,1433.61242339
1366,1411.0,64.4076354884,-17.3632057054,1433.54743984
1367,1412.0,64.407639767,-17.3630187762,1433.48409674
1368,1413.0,64.4076437635,-17.3629281042,1433.42246895
1369,1414.0,64.4076474803,-17.3629433129,1433.36261293
1370,1415.0,64.4076509213,-17.3630371601,1433.30456433
1371,1416.0,64.4076540928,-17.3631565382,1433.24833552
1372,1417.0,64.407657003,-17.3632420041,1433.19391316
1373,1418.0,64.4076596623,-17.3632474046,1433.14125581
1374,1419.0,64.4076620835,-17.3631534918,1433.09029267
1375,1420.0,64.4076642813,-17.3629662795,1433.04092523
1376,1421.0,64.4076662721,-17.362709388,1432.99303002
1377,1422.0,64.4076680741,-17.3624161588,1432.94646148
1378,1423.0,64.4076697065,-17.3621217686,1432.90105476
1379,1424.0,64.4076711896,-17.3618554266,1432.85662857
1380,1425.0,64.4076725447,-17.3616347505,1432.81298798
1381,1426.0,64.4076737931,-17.3614656672,1432.76992725
1382,1427.0,64.4076749569,-17.3613444927,1432.72723268
1383,1428.0,64.4076760578,-17.361260094,1432.68468543
1384,1429.0,64.4076771173,-17.3611960522,1432.64206433
1385,1430.0,64.4076781565,-17.3611328328,1432.59914872
1386,1431.0,64.4076791957,-17.361050157,1432.55572127
1387,1432.0,64.407680254,-17.3609298838,1432.51157082
1388,1433.0,64.4076813493,-17.3607590927,1432.46649519
1389,1434.0,64.407682498,-17.3605331741,1432.42030403
1390,1435.0,64.4076837146,-17.3602589205,1432.37282162
1391,1436.0,64.4076850116,-17.3599574959,1432.3238897
1392,1437.0,64.4076863991,-17.3596642765,1432.27336981
1393,1438.0,64.4076878847,-17.3594207444,1432.22114451
1394,1439.0,64.4076894731,-17.3592632515,1432.16711813
1395,1440.0,64.4076911659,-17.3592116632,1432.11121747
1396,1441.0,64.4076929614,-17.3592580017,1432.05339257
1397,1442.0,64.4076948542,-17.359355602,1431.99361744
1398,1443.0,64.4076968352,-17.3594215986,1431.93189077
1399,1444.0,64.4076988909,-17.359373249,1431.86823666
1400,1445.0,64.4077010037,-17.3591766731,1431.80270538
1401,1446.0,64.4077031512,-17.3588723098,1431.73537409
1402,1447.0,64.4077053061,-17.3585399705,1431.66634757
1403,1448.0,64.4077074361,-17.3582409918,1431.5957589
1404,1449.0,64.4077095036,-17.357982688,1431.52376918
1405,1450.0,64.4077114668,-17.3577417379,1431.45056471
1406,1451.0,64.4077132805,-17.3575099573,1431.37635315
1407,1452.0,64.4077148974,-17.3573193776,1431.30135965
1408,1453.0,64.4077162691,-17.3572125277,1431.22582302
1409,1454.0,64.4077173468,-17.3571920953,1431.14999187
1410,1455.0,64.4077180829,-17.3571948642,1431.07412074
1411,1456.0,64.4077184319,-17.3571293883,1430.99846621
1412,1457.0,64.4077183513,-17.356937849,1430.92328311
1413,1458.0,64.4077178025,-17.3566348914,1430.8488206
1414,1459.0,64.4077167526,-17.356285567,1430.77531835
1415,1460.0,64.4077151746,-17.3559597735,1430.70300266
1416,1461.0,64.4077130489,-17.3556983539,1430.63208259
1417,1462.0,64.4077103646,-17.3555111377,1430.56274614
1418,1463.0,64.4077071199,-17.3553875198,1430.49515636
1419,1464.0,64.4077033237,-17.3553063669,1430.42944749
1420,1465.0,64.4076989964,-17.3552429862,1430.36572113
1421,1466.0,64.4076941712,-17.3551748804,1430.3040424
1422,1467.0,64.4076888942,-17.3550859696,1430.24443776
1423,1468.0,64.4076832233,-17.3549670381,1430.18689673
1424,1469.0,64.4076772259,-17.354814692,1430.13137532
1425,1470.0,64.4076709775,-17.3546302607,1430.07779937
1426,1471.0,64.4076645592,-17.3544186981,1430.02606799
1427,1472.0,64.4076580561,-17.3541874833,1429.97605698
1428,1473.0,64.407651555,-17.3539455224,1429.92762222
1429,1474.0,64.4076451427,-17.353702049,1429.8806031
1430,1475.0,64.4076389036,-17.3534655256,1429.83482593
1431,1476.0,64.4076329185,-17.353242545,1429.79010735
1432,1477.0,64.4076272616,-17.3530367314,1429.74625772
1433,1478.0,64.4076219995,-17.3528478124,1429.70308456
1434,1479.0,64.4076171884,-17.3526718908,1429.66039596
1435,1480.0,64.4076128728,-17.3525029194,1429.61800399
1436,1481.0,64.4076090831,-17.3523343435,1429.57572808
1437,1482.0,64.4076058338,-17.3521607455,1429.53339847
1438,1483.0,64.4076031212,-17.3519794888,1429.49085962
1439,1484.0,64.407600922,-17.3517923618,1429.4479736
1440,1485.0,64.4075991909,-17.3516071907,1429.4046235
1441,1486.0,64.4075978587,-17.351438041,1429.36071689
1442,1487.0,64.4075968303,-17.3513004538,1429.31618915
1443,1488.0,64.4075959828,-17.3512039986,1429.27100696
1444,1489.0,64.4075951637,-17.3511448191,1429.22517166
1445,1490.0,64.4075941921,-17.3511023306,1429.17872241
1446,1491.0,64.4075928679,-17.3510464553,1429.13173868
1447,1492.0,64.4075909846,-17.3509490089,1429.08434251
1448,1493.0,64.407588342,-17.3507950677,1429.03670074
1449,1494.0,64.4075847582,-17.3505896771,1428.98902725
1450,1495.0,64.4075800831,-17.3503527352,1428.94158521
1451,1496.0,64.4075742105,-17.3501092168,1428.89468929
1452,1497.0,64.4075670907,-17.349879331,1428.84870792
1453,1498.0,64.4075587435,-17.3496715697,1428.8040655
1454,1499.0,64.4075492706,-17.3494831,1428.7612447
1455,1500.0,64.4075388682,-17.3493030485,1428.7207886
1456,1501.0,64.407527839,-17.3491159245,1428.68330097
1457,1502.0,64.4075165869,-17.3489057597,1428.64939309
1458,1503.0,64.4075055673,-17.3486620668,1428.61949533
1459,1504.0,64.4074952208,-17.3483865142,1428.59361537
1460,1505.0,64.4074859048,-17.3480994081,1428.5710944
1461,1506.0,64.4074778268,-17.3478404276,1428.55036333
1462,1507.0,64.4074709763,-17.347654776,1428.52869894
1463,1508.0,64.4074650579,-17.3475735853,1428.50198009
1464,1509.0,64.407459423,-17.3475940162,1428.46444395
1465,1510.0,64.4074530031,-17.3476571767,1428.4084421
1466,1511.0,64.4074442417,-17.3476205031,1428.32419683
1467,1512.0,64.4074310269,-17.347227959,1428.19955722
1468,1513.0,64.4074106593,-17.3461433226,1428.02009495
1469,1514.0,64.4073807335,-17.3452586925,1427.77800707
1470,1515.0,64.4073423411,-17.3453030551,1427.49744113
1471,1516.0,64.40730406,-17.3452284333,1427.22348543
1472,1517.0,64.4072819314,-17.345238658,1426.97909444
1473,1518.0,64.4072878124,-17.3452803653,1426.76066774
1474,1519.0,64.4073129874,-17.3452563463,1426.55397583
1475,1520.0,64.4073283709,-17.3452690582,1426.34787772
1476,1521.0,64.4073239124,-17.3453455535,1426.13774999
1477,1522.0,64.407313413,-17.3453439069,1425.92374835
1478,1523.0,64.4073073845,-17.3453039727,1425.70878073
1479,1524.0,64.407305698,-17.3453267032,1425.4964803
1480,1525.0,64.4073036599,-17.3453633806,1425.28918478
1481,1526.0,64.4072979299,-17.345339373,1425.08631197
1482,1527.0,64.4072880195,-17.345229375,1424.88440264
1483,1528.0,64.4072749723,-17.3450463075,1424.67822635
1484,1529.0,64.4072600184,-17.3448233484,1424.46197066
1485,1530.0,64.4072441605,-17.3445959603,1424.2304304
1486,1531.0,64.4072284277,-17.344383965,1423.98019685
1487,1532.0,64.4072141223,-17.344179112,1423.71084706
1488,1533.0,64.4072026911,-17.3439628129,1423.42613302
1489,1534.0,64.4071952916,-17.3437478869,1423.13517095
1490,1535.0,64.4071923272,-17.3435668429,1422.85363054
1491,1536.0,64.4071929809,-17.3431459721,1422.60492415
1492,1537.0,64.4071947502,-17.3422195923,1422.42139609
1493,1538.0,64.4071929809,-17.3431459721,1422.34551188
